start_time,MSC,Basic Incoming Handover Requests,Basic Outgoing Handover Requests,Call Drop Times or Call Aborted Times of Originating Side or Destination Side,Disconnection Times due to Handover Failure,E911 Handover Requested Times initiated by RNC,Handover Failures due to Call Release During Handover,Handover Failures due to MSC Route Selection or Bearer Operation Failures,Handover Failures due to No Response from Originating Side or Destination Side,Handover Failures Responded by the Source or Target,HO failure because of location update or service access,Inter-MSC Handover Rretransmission Times,Intra-MSC Handover Cancellation Times Due to External Causes,Intra-MSC Handover Requested Times,Intra-MSC Inter-MGW Handover Requested Times,Number of Handovers Controlled by MSC,Number of Original Channels Returned During Handover Failure,Requests for Subsequent Handover to MSCa (Local Office is MSCa),Requests for Subsequent Handover to MSCc (Local Office is MSCa),Requests for Subsequent Handover (Local Office is MSCb),Successful Basic Incoming Handover Requests,Successful Basic Outgoing Handover Requests,Successful E911 Handover Times initiated by RNC,Successful Intra-MSC Handover Times,Successful Intra-MSC Inter-MGW Handover Times,Successful Subsequent Handovers to MSCa (Local Office is MSCa),Successful Subsequent Handovers to MSCc (Local Office is MSCa),Successful Subsequent Handover Times (Local Office is MSCb)
2024-06-19 00:00,"MSOFTX/Local Zone:LABEL=0, STATICAREAX=0/HO Type:ho2g",0,0,0,0,0,1,0,0,0,0,0,0,0,0,0,0,0,0,0,0,0,0,0,0,0,0,0,false
2024-06-19 00:00,"MSOFTX/Local Zone:LABEL=0, STATICAREAX=0/HO Type:ho3g",0,0,0,0,0,0,0,0,0,0,0,0,0,0,0,0,0,0,0,0,0,0,0,0,0,0,0,false
2024-06-19 00:00,"MSOFTX/Local Zone:LABEL=0, STATICAREAX=0/HO Type:ho2gto3g",0,0,0,3,0,0,0,1,5,0,0,0,24,0,24,5,0,0,0,0,0,0,18,0,0,0,0,false
2024-06-19 00:00,"MSOFTX/Local Zone:LABEL=0, STATICAREAX=0/HO Type:ho3gto2g",0,0,0,0,0,1,3,0,16,0,0,0,121,0,121,20,0,0,0,0,0,0,101,0,0,0,0,false
2024-06-19 00:00,"MSOFTX/Local Zone:LABEL=0, STATICAREAX=0/HO Type:holteto2g",0,0,0,0,0,0,0,0,0,0,0,0,0,0,0,0,0,0,0,0,0,0,0,0,0,0,0,false
2024-06-19 00:00,"MSOFTX/Local Zone:LABEL=0, STATICAREAX=0/HO Type:holteto3g",0,0,0,0,0,0,0,0,0,0,0,0,0,0,0,0,0,0,0,0,0,0,0,0,0,0,0,false
2024-06-19 00:00,"NEW_MSC1/Local Zone:LABEL=0, STATICAREAX=0/HO Type:ho2g",0,0,0,0,0,0,0,0,2,0,0,0,2,0,2,2,0,0,0,0,0,0,0,0,0,0,0,false
2024-06-19 00:00,"NEW_MSC1/Local Zone:LABEL=0, STATICAREAX=0/HO Type:ho3g",0,0,1,1,0,0,0,0,1,0,0,0,6,0,6,1,0,0,0,0,0,0,4,0,0,0,0,false
2024-06-19 00:00,"NEW_MSC1/Local Zone:LABEL=0, STATICAREAX=0/HO Type:ho2gto3g",0,0,0,3,0,0,0,3,4,0,0,0,159,0,159,4,0,0,0,0,0,0,153,0,0,0,0,false
2024-06-19 00:00,"NEW_MSC1/Local Zone:LABEL=0, STATICAREAX=0/HO Type:ho3gto2g",0,0,1,2,0,2,2,1,13,0,0,0,509,0,509,18,0,0,0,0,0,0,489,0,0,0,0,false
2024-06-19 00:00,"NEW_MSC1/Local Zone:LABEL=0, STATICAREAX=0/HO Type:holteto2g",0,0,0,0,0,0,0,0,0,0,0,0,0,0,0,0,0,0,0,0,0,0,0,0,0,0,0,false
2024-06-19 00:00,"NEW_MSC1/Local Zone:LABEL=0, STATICAREAX=0/HO Type:holteto3g",0,0,0,0,0,0,0,0,0,0,0,0,0,0,0,0,0,0,0,0,0,0,0,0,0,0,0,false
2024-06-19 00:00,"NEW_MSC3/Local Zone:LABEL=0, STATICAREAX=0/HO Type:ho2g",0,0,0,0,0,0,0,0,0,0,0,0,0,0,0,0,0,0,0,0,0,0,0,0,0,0,0,false
2024-06-19 00:00,"NEW_MSC3/Local Zone:LABEL=0, STATICAREAX=0/HO Type:ho3g",0,0,0,0,0,0,0,0,0,0,0,0,0,0,0,0,0,0,0,0,0,0,0,0,0,0,0,false
2024-06-19 00:00,"NEW_MSC3/Local Zone:LABEL=0, STATICAREAX=0/HO Type:ho2gto3g",0,0,0,0,0,0,0,0,0,0,0,0,17,0,17,2,0,0,0,0,0,0,15,0,0,0,0,false
2024-06-19 00:00,"NEW_MSC3/Local Zone:LABEL=0, STATICAREAX=0/HO Type:ho3gto2g",0,0,0,0,0,1,0,0,5,0,0,0,113,0,113,6,0,0,0,0,0,0,107,0,0,0,0,false
2024-06-19 00:00,"NEW_MSC3/Local Zone:LABEL=0, STATICAREAX=0/HO Type:holteto2g",0,0,0,0,0,0,0,0,0,0,0,0,0,0,0,0,0,0,0,0,0,0,0,0,0,0,0,false
2024-06-19 00:00,"NEW_MSC3/Local Zone:LABEL=0, STATICAREAX=0/HO Type:holteto3g",0,0,0,0,0,0,0,0,0,0,0,0,0,0,0,0,0,0,0,0,0,0,0,0,0,0,0,false
2024-06-19 00:00,"vMSC3/Local Zone:LABEL=0, STATICAREAX=0/HO Type:ho2g",0,0,0,0,0,0,0,0,0,0,0,0,0,0,0,0,0,0,0,0,0,0,0,0,0,0,0,false
2024-06-19 00:00,"vMSC3/Local Zone:LABEL=0, STATICAREAX=0/HO Type:ho3g",0,0,0,0,0,0,0,0,0,0,0,0,0,0,0,0,0,0,0,0,0,0,0,0,0,0,0,false
2024-06-19 00:00,"vMSC3/Local Zone:LABEL=0, STATICAREAX=0/HO Type:ho2gto3g",0,0,0,1,0,0,0,1,0,0,0,0,6,0,6,0,0,0,0,0,0,0,5,0,0,0,0,false
2024-06-19 00:00,"vMSC3/Local Zone:LABEL=0, STATICAREAX=0/HO Type:ho3gto2g",0,0,0,0,0,0,0,0,3,0,0,0,50,0,50,3,0,0,0,0,0,0,47,0,0,0,0,false
2024-06-19 00:00,"vMSC3/Local Zone:LABEL=0, STATICAREAX=0/HO Type:holteto2g",0,0,0,0,0,0,0,0,0,0,0,0,0,0,0,0,0,0,0,0,0,0,0,0,0,0,0,false
2024-06-19 00:00,"vMSC3/Local Zone:LABEL=0, STATICAREAX=0/HO Type:holteto3g",0,0,0,0,0,0,0,0,0,0,0,0,0,0,0,0,0,0,0,0,0,0,0,0,0,0,0,false
2024-06-19 01:00,"MSOFTX/Local Zone:LABEL=0, STATICAREAX=0/HO Type:ho2g",0,0,0,0,0,0,0,0,0,0,0,0,0,0,0,0,0,0,0,0,0,0,0,0,0,0,0,false
2024-06-19 01:00,"MSOFTX/Local Zone:LABEL=0, STATICAREAX=0/HO Type:ho3g",0,0,0,0,0,0,0,0,0,0,0,0,0,0,0,0,0,0,0,0,0,0,0,0,0,0,0,false
2024-06-19 01:00,"MSOFTX/Local Zone:LABEL=0, STATICAREAX=0/HO Type:ho2gto3g",0,0,0,0,0,0,0,0,1,0,0,0,11,0,11,1,0,0,0,0,0,0,10,0,0,0,0,false
2024-06-19 01:00,"MSOFTX/Local Zone:LABEL=0, STATICAREAX=0/HO Type:ho3gto2g",0,0,0,0,0,0,2,0,8,0,0,0,74,0,74,10,0,0,0,0,0,0,64,0,0,0,0,false
2024-06-19 01:00,"MSOFTX/Local Zone:LABEL=0, STATICAREAX=0/HO Type:holteto2g",0,0,0,0,0,0,0,0,0,0,0,0,0,0,0,0,0,0,0,0,0,0,0,0,0,0,0,false
2024-06-19 01:00,"MSOFTX/Local Zone:LABEL=0, STATICAREAX=0/HO Type:holteto3g",0,0,0,0,0,0,0,0,0,0,0,0,0,0,0,0,0,0,0,0,0,0,0,0,0,0,0,false
2024-06-19 01:00,"NEW_MSC1/Local Zone:LABEL=0, STATICAREAX=0/HO Type:ho2g",0,0,0,0,0,0,0,0,0,0,0,0,0,0,0,0,0,0,0,0,0,0,0,0,0,0,0,false
2024-06-19 01:00,"NEW_MSC1/Local Zone:LABEL=0, STATICAREAX=0/HO Type:ho3g",0,0,0,0,0,0,0,0,0,0,0,0,2,0,2,0,0,0,0,0,0,0,2,0,0,0,0,false
2024-06-19 01:00,"NEW_MSC1/Local Zone:LABEL=0, STATICAREAX=0/HO Type:ho2gto3g",0,0,0,2,0,0,0,0,20,0,0,0,136,0,136,20,0,0,0,0,0,0,115,0,0,0,0,false
2024-06-19 01:00,"NEW_MSC1/Local Zone:LABEL=0, STATICAREAX=0/HO Type:ho3gto2g",0,0,0,3,0,2,2,2,22,0,0,0,443,0,443,24,0,0,0,0,0,0,417,0,0,0,0,false
2024-06-19 01:00,"NEW_MSC1/Local Zone:LABEL=0, STATICAREAX=0/HO Type:holteto2g",0,0,0,0,0,0,0,0,0,0,0,0,0,0,0,0,0,0,0,0,0,0,0,0,0,0,0,false
2024-06-19 01:00,"NEW_MSC1/Local Zone:LABEL=0, STATICAREAX=0/HO Type:holteto3g",0,0,0,0,0,0,0,0,0,0,0,0,0,0,0,0,0,0,0,0,0,0,0,0,0,0,0,false
2024-06-19 01:00,"NEW_MSC3/Local Zone:LABEL=0, STATICAREAX=0/HO Type:ho2g",0,0,0,0,0,0,0,0,0,0,0,0,0,0,0,0,0,0,0,0,0,0,0,0,0,0,0,false
2024-06-19 01:00,"NEW_MSC3/Local Zone:LABEL=0, STATICAREAX=0/HO Type:ho3g",0,0,0,0,0,0,0,0,0,0,0,0,0,0,0,0,0,0,0,0,0,0,0,0,0,0,0,false
2024-06-19 01:00,"NEW_MSC3/Local Zone:LABEL=0, STATICAREAX=0/HO Type:ho2gto3g",0,0,0,0,0,0,0,0,0,0,0,0,5,0,5,0,0,0,0,0,0,0,5,0,0,0,0,false
2024-06-19 01:00,"NEW_MSC3/Local Zone:LABEL=0, STATICAREAX=0/HO Type:ho3gto2g",0,0,0,0,0,0,0,0,5,0,0,0,69,0,69,5,0,0,0,0,0,0,63,0,0,0,0,false
2024-06-19 01:00,"NEW_MSC3/Local Zone:LABEL=0, STATICAREAX=0/HO Type:holteto2g",0,0,0,0,0,0,0,0,0,0,0,0,0,0,0,0,0,0,0,0,0,0,0,0,0,0,0,false
2024-06-19 01:00,"NEW_MSC3/Local Zone:LABEL=0, STATICAREAX=0/HO Type:holteto3g",0,0,0,0,0,0,0,0,0,0,0,0,0,0,0,0,0,0,0,0,0,0,0,0,0,0,0,false
2024-06-19 01:00,"vMSC3/Local Zone:LABEL=0, STATICAREAX=0/HO Type:ho2g",0,0,0,0,0,0,0,0,0,0,0,0,0,0,0,0,0,0,0,0,0,0,0,0,0,0,0,false
2024-06-19 01:00,"vMSC3/Local Zone:LABEL=0, STATICAREAX=0/HO Type:ho3g",0,0,0,0,0,0,0,0,0,0,0,0,0,0,0,0,0,0,0,0,0,0,0,0,0,0,0,false
2024-06-19 01:00,"vMSC3/Local Zone:LABEL=0, STATICAREAX=0/HO Type:ho2gto3g",0,0,0,0,0,0,0,0,0,0,0,0,3,0,3,0,0,0,0,0,0,0,3,0,0,0,0,false
2024-06-19 01:00,"vMSC3/Local Zone:LABEL=0, STATICAREAX=0/HO Type:ho3gto2g",0,0,0,0,0,0,1,0,1,0,0,0,41,0,41,2,0,0,0,0,0,0,39,0,0,0,0,false
2024-06-19 01:00,"vMSC3/Local Zone:LABEL=0, STATICAREAX=0/HO Type:holteto2g",0,0,0,0,0,0,0,0,0,0,0,0,0,0,0,0,0,0,0,0,0,0,0,0,0,0,0,false
2024-06-19 01:00,"vMSC3/Local Zone:LABEL=0, STATICAREAX=0/HO Type:holteto3g",0,0,0,0,0,0,0,0,0,0,0,0,0,0,0,0,0,0,0,0,0,0,0,0,0,0,0,false
2024-06-19 02:00,"MSOFTX/Local Zone:LABEL=0, STATICAREAX=0/HO Type:ho2g",0,0,0,0,0,0,0,0,0,0,0,0,2,0,2,0,0,0,0,0,0,0,2,0,0,0,0,false
2024-06-19 02:00,"MSOFTX/Local Zone:LABEL=0, STATICAREAX=0/HO Type:ho3g",0,0,0,0,0,0,0,0,0,0,0,0,0,0,0,0,0,0,0,0,0,0,0,0,0,0,0,false
2024-06-19 02:00,"MSOFTX/Local Zone:LABEL=0, STATICAREAX=0/HO Type:ho2gto3g",0,0,0,3,0,0,0,3,1,0,0,0,19,0,19,3,0,0,0,0,0,0,13,0,0,0,0,false
2024-06-19 02:00,"MSOFTX/Local Zone:LABEL=0, STATICAREAX=0/HO Type:ho3gto2g",0,0,0,0,0,0,0,0,7,0,0,0,76,0,76,7,0,0,0,0,0,0,69,0,0,0,0,false
2024-06-19 02:00,"MSOFTX/Local Zone:LABEL=0, STATICAREAX=0/HO Type:holteto2g",0,0,0,0,0,0,0,0,0,0,0,0,0,0,0,0,0,0,0,0,0,0,0,0,0,0,0,false
2024-06-19 02:00,"MSOFTX/Local Zone:LABEL=0, STATICAREAX=0/HO Type:holteto3g",0,0,0,0,0,0,0,0,0,0,0,0,0,0,0,0,0,0,0,0,0,0,0,0,0,0,0,false
2024-06-19 02:00,"NEW_MSC1/Local Zone:LABEL=0, STATICAREAX=0/HO Type:ho2g",0,0,0,0,0,0,0,0,0,0,0,0,0,0,0,0,0,0,0,0,0,0,0,0,0,0,0,false
2024-06-19 02:00,"NEW_MSC1/Local Zone:LABEL=0, STATICAREAX=0/HO Type:ho3g",0,0,0,1,0,0,0,1,0,0,0,0,2,0,2,0,0,0,0,0,0,0,1,0,0,0,0,false
2024-06-19 02:00,"NEW_MSC1/Local Zone:LABEL=0, STATICAREAX=0/HO Type:ho2gto3g",0,0,0,2,0,0,0,0,1,0,0,0,49,0,49,1,0,0,0,0,0,0,47,0,0,0,0,false
2024-06-19 02:00,"NEW_MSC1/Local Zone:LABEL=0, STATICAREAX=0/HO Type:ho3gto2g",0,0,0,4,0,2,2,4,14,0,0,0,376,0,376,17,0,0,0,0,0,0,354,0,0,0,0,false
2024-06-19 02:00,"NEW_MSC1/Local Zone:LABEL=0, STATICAREAX=0/HO Type:holteto2g",0,0,0,0,0,0,0,0,0,0,0,0,0,0,0,0,0,0,0,0,0,0,0,0,0,0,0,false
2024-06-19 02:00,"NEW_MSC1/Local Zone:LABEL=0, STATICAREAX=0/HO Type:holteto3g",0,0,0,0,0,0,0,0,0,0,0,0,0,0,0,0,0,0,0,0,0,0,0,0,0,0,0,false
2024-06-19 02:00,"NEW_MSC3/Local Zone:LABEL=0, STATICAREAX=0/HO Type:ho2g",0,0,0,0,0,0,0,0,0,0,0,0,0,0,0,0,0,0,0,0,0,0,0,0,0,0,0,false
2024-06-19 02:00,"NEW_MSC3/Local Zone:LABEL=0, STATICAREAX=0/HO Type:ho3g",0,0,0,0,0,0,0,0,0,0,0,0,0,0,0,0,0,0,0,0,0,0,0,0,0,0,0,false
2024-06-19 02:00,"NEW_MSC3/Local Zone:LABEL=0, STATICAREAX=0/HO Type:ho2gto3g",0,0,0,0,0,0,0,0,1,0,0,0,3,0,3,1,0,0,0,0,0,0,2,0,0,0,0,false
2024-06-19 02:00,"NEW_MSC3/Local Zone:LABEL=0, STATICAREAX=0/HO Type:ho3gto2g",0,0,0,0,0,0,0,0,7,0,0,0,56,0,56,7,0,0,0,0,0,0,50,0,0,0,0,false
2024-06-19 02:00,"NEW_MSC3/Local Zone:LABEL=0, STATICAREAX=0/HO Type:holteto2g",0,0,0,0,0,0,0,0,0,0,0,0,0,0,0,0,0,0,0,0,0,0,0,0,0,0,0,false
2024-06-19 02:00,"NEW_MSC3/Local Zone:LABEL=0, STATICAREAX=0/HO Type:holteto3g",0,0,0,0,0,0,0,0,0,0,0,0,0,0,0,0,0,0,0,0,0,0,0,0,0,0,0,false
2024-06-19 02:00,"vMSC3/Local Zone:LABEL=0, STATICAREAX=0/HO Type:ho2g",0,0,0,0,0,0,0,0,0,0,0,0,0,0,0,0,0,0,0,0,0,0,0,0,0,0,0,false
2024-06-19 02:00,"vMSC3/Local Zone:LABEL=0, STATICAREAX=0/HO Type:ho3g",0,0,0,0,0,0,0,0,0,0,0,0,0,0,0,0,0,0,0,0,0,0,0,0,0,0,0,false
2024-06-19 02:00,"vMSC3/Local Zone:LABEL=0, STATICAREAX=0/HO Type:ho2gto3g",0,0,0,1,0,0,0,1,0,0,0,0,6,0,6,0,0,0,0,0,0,0,5,0,0,0,0,false
2024-06-19 02:00,"vMSC3/Local Zone:LABEL=0, STATICAREAX=0/HO Type:ho3gto2g",0,0,0,0,0,0,1,0,12,0,0,0,53,0,53,13,0,0,0,0,0,0,40,0,0,0,0,false
2024-06-19 02:00,"vMSC3/Local Zone:LABEL=0, STATICAREAX=0/HO Type:holteto2g",0,0,0,0,0,0,0,0,0,0,0,0,0,0,0,0,0,0,0,0,0,0,0,0,0,0,0,false
2024-06-19 02:00,"vMSC3/Local Zone:LABEL=0, STATICAREAX=0/HO Type:holteto3g",0,0,0,0,0,0,0,0,0,0,0,0,0,0,0,0,0,0,0,0,0,0,0,0,0,0,0,false
2024-06-19 03:00,"MSOFTX/Local Zone:LABEL=0, STATICAREAX=0/HO Type:ho2g",0,0,0,0,0,0,0,0,0,0,0,0,0,0,0,0,0,0,0,0,0,0,0,0,0,0,0,false
2024-06-19 03:00,"MSOFTX/Local Zone:LABEL=0, STATICAREAX=0/HO Type:ho3g",0,0,0,0,0,0,0,0,0,0,0,0,0,0,0,0,0,0,0,0,0,0,0,0,0,0,0,false
2024-06-19 03:00,"MSOFTX/Local Zone:LABEL=0, STATICAREAX=0/HO Type:ho2gto3g",0,0,0,2,0,0,0,2,0,0,0,0,15,0,15,0,0,0,0,0,0,0,13,0,0,0,0,false
2024-06-19 03:00,"MSOFTX/Local Zone:LABEL=0, STATICAREAX=0/HO Type:ho3gto2g",0,0,0,0,0,1,1,0,8,0,0,0,81,0,81,10,0,0,0,0,0,0,71,0,0,0,0,false
2024-06-19 03:00,"MSOFTX/Local Zone:LABEL=0, STATICAREAX=0/HO Type:holteto2g",0,0,0,0,0,0,0,0,0,0,0,0,0,0,0,0,0,0,0,0,0,0,0,0,0,0,0,false
2024-06-19 03:00,"MSOFTX/Local Zone:LABEL=0, STATICAREAX=0/HO Type:holteto3g",0,0,0,0,0,0,0,0,0,0,0,0,0,0,0,0,0,0,0,0,0,0,0,0,0,0,0,false
2024-06-19 03:00,"NEW_MSC1/Local Zone:LABEL=0, STATICAREAX=0/HO Type:ho2g",0,0,0,0,0,0,0,0,0,0,0,0,0,0,0,0,0,0,0,0,0,0,0,0,0,0,0,false
2024-06-19 03:00,"NEW_MSC1/Local Zone:LABEL=0, STATICAREAX=0/HO Type:ho3g",0,0,0,0,0,0,0,0,1,0,0,0,6,0,6,1,0,0,0,0,0,0,5,0,0,0,0,false
2024-06-19 03:00,"NEW_MSC1/Local Zone:LABEL=0, STATICAREAX=0/HO Type:ho2gto3g",0,0,0,3,0,0,0,1,1,0,0,0,31,0,31,1,0,0,0,0,0,0,29,0,0,0,0,false
2024-06-19 03:00,"NEW_MSC1/Local Zone:LABEL=0, STATICAREAX=0/HO Type:ho3gto2g",0,0,0,1,0,2,2,1,10,0,0,0,355,0,355,15,0,0,0,0,0,0,340,0,0,0,0,false
2024-06-19 03:00,"NEW_MSC1/Local Zone:LABEL=0, STATICAREAX=0/HO Type:holteto2g",0,0,0,0,0,0,0,0,0,0,0,0,0,0,0,0,0,0,0,0,0,0,0,0,0,0,0,false
2024-06-19 03:00,"NEW_MSC1/Local Zone:LABEL=0, STATICAREAX=0/HO Type:holteto3g",0,0,0,0,0,0,0,0,0,0,0,0,0,0,0,0,0,0,0,0,0,0,0,0,0,0,0,false
2024-06-19 03:00,"NEW_MSC3/Local Zone:LABEL=0, STATICAREAX=0/HO Type:ho2g",0,0,0,0,0,0,0,0,0,0,0,0,0,0,0,0,0,0,0,0,0,0,0,0,0,0,0,false
2024-06-19 03:00,"NEW_MSC3/Local Zone:LABEL=0, STATICAREAX=0/HO Type:ho3g",0,0,0,0,0,0,0,0,0,0,0,0,0,0,0,0,0,0,0,0,0,0,0,0,0,0,0,false
2024-06-19 03:00,"NEW_MSC3/Local Zone:LABEL=0, STATICAREAX=0/HO Type:ho2gto3g",0,0,0,0,0,0,0,0,0,0,0,0,10,0,10,0,0,0,0,0,0,0,10,0,0,0,0,false
2024-06-19 03:00,"NEW_MSC3/Local Zone:LABEL=0, STATICAREAX=0/HO Type:ho3gto2g",0,0,0,0,0,0,0,0,2,0,0,0,70,0,70,3,0,0,0,0,0,0,67,0,0,0,0,false
2024-06-19 03:00,"NEW_MSC3/Local Zone:LABEL=0, STATICAREAX=0/HO Type:holteto2g",0,0,0,0,0,0,0,0,0,0,0,0,0,0,0,0,0,0,0,0,0,0,0,0,0,0,0,false
2024-06-19 03:00,"NEW_MSC3/Local Zone:LABEL=0, STATICAREAX=0/HO Type:holteto3g",0,0,0,0,0,0,0,0,0,0,0,0,0,0,0,0,0,0,0,0,0,0,0,0,0,0,0,false
2024-06-19 03:00,"vMSC3/Local Zone:LABEL=0, STATICAREAX=0/HO Type:ho2g",0,0,0,0,0,0,0,0,0,0,0,0,0,0,0,0,0,0,0,0,0,0,0,0,0,0,0,false
2024-06-19 03:00,"vMSC3/Local Zone:LABEL=0, STATICAREAX=0/HO Type:ho3g",0,0,0,0,0,0,0,0,0,0,0,0,0,0,0,0,0,0,0,0,0,0,0,0,0,0,0,false
2024-06-19 03:00,"vMSC3/Local Zone:LABEL=0, STATICAREAX=0/HO Type:ho2gto3g",0,0,0,0,0,0,0,0,0,0,0,0,4,0,4,0,0,0,0,0,0,0,4,0,0,0,0,false
2024-06-19 03:00,"vMSC3/Local Zone:LABEL=0, STATICAREAX=0/HO Type:ho3gto2g",0,0,0,3,0,1,0,3,0,0,0,0,55,0,55,1,0,0,0,0,0,0,51,0,0,0,0,false
2024-06-19 03:00,"vMSC3/Local Zone:LABEL=0, STATICAREAX=0/HO Type:holteto2g",0,0,0,0,0,0,0,0,0,0,0,0,0,0,0,0,0,0,0,0,0,0,0,0,0,0,0,false
2024-06-19 03:00,"vMSC3/Local Zone:LABEL=0, STATICAREAX=0/HO Type:holteto3g",0,0,0,0,0,0,0,0,0,0,0,0,0,0,0,0,0,0,0,0,0,0,0,0,0,0,0,false
2024-06-19 04:00,"MSOFTX/Local Zone:LABEL=0, STATICAREAX=0/HO Type:ho2g",0,0,0,0,0,1,0,0,0,0,0,0,1,0,1,0,0,0,0,0,0,0,1,0,0,0,0,false
2024-06-19 04:00,"MSOFTX/Local Zone:LABEL=0, STATICAREAX=0/HO Type:ho3g",0,0,0,0,0,0,0,0,0,0,0,0,0,0,0,0,0,0,0,0,0,0,0,0,0,0,0,false
2024-06-19 04:00,"MSOFTX/Local Zone:LABEL=0, STATICAREAX=0/HO Type:ho2gto3g",0,0,0,1,0,0,0,1,4,0,0,0,27,0,27,4,0,0,0,0,0,0,22,0,0,0,0,false
2024-06-19 04:00,"MSOFTX/Local Zone:LABEL=0, STATICAREAX=0/HO Type:ho3gto2g",0,0,0,1,0,1,0,0,34,0,0,0,201,0,201,35,0,0,0,0,0,0,165,0,0,0,0,false
2024-06-19 04:00,"MSOFTX/Local Zone:LABEL=0, STATICAREAX=0/HO Type:holteto2g",0,0,0,0,0,0,0,0,0,0,0,0,0,0,0,0,0,0,0,0,0,0,0,0,0,0,0,false
2024-06-19 04:00,"MSOFTX/Local Zone:LABEL=0, STATICAREAX=0/HO Type:holteto3g",0,0,0,0,0,0,0,0,0,0,0,0,0,0,0,0,0,0,0,0,0,0,0,0,0,0,0,false
2024-06-19 04:00,"NEW_MSC1/Local Zone:LABEL=0, STATICAREAX=0/HO Type:ho2g",0,0,0,0,0,0,0,0,0,0,0,0,0,0,0,0,0,0,0,0,0,0,0,0,0,0,0,false
2024-06-19 04:00,"NEW_MSC1/Local Zone:LABEL=0, STATICAREAX=0/HO Type:ho3g",0,0,0,0,0,0,0,0,0,0,0,0,0,0,0,0,0,0,0,0,0,0,0,0,0,0,0,false
2024-06-19 04:00,"NEW_MSC1/Local Zone:LABEL=0, STATICAREAX=0/HO Type:ho2gto3g",0,0,0,4,0,0,0,1,3,0,0,0,62,0,62,2,0,0,0,0,0,0,58,0,0,0,0,false
2024-06-19 04:00,"NEW_MSC1/Local Zone:LABEL=0, STATICAREAX=0/HO Type:ho3gto2g",0,0,0,1,0,8,5,0,24,0,0,0,691,0,691,36,0,0,0,0,0,0,654,0,0,0,0,false
2024-06-19 04:00,"NEW_MSC1/Local Zone:LABEL=0, STATICAREAX=0/HO Type:holteto2g",0,0,0,0,0,0,0,0,0,0,0,0,0,0,0,0,0,0,0,0,0,0,0,0,0,0,0,false
2024-06-19 04:00,"NEW_MSC1/Local Zone:LABEL=0, STATICAREAX=0/HO Type:holteto3g",0,0,0,0,0,0,0,0,0,0,0,0,0,0,0,0,0,0,0,0,0,0,0,0,0,0,0,false
2024-06-19 04:00,"NEW_MSC3/Local Zone:LABEL=0, STATICAREAX=0/HO Type:ho2g",0,0,0,0,0,1,0,0,5,0,0,0,5,0,5,5,0,0,0,0,0,0,0,0,0,0,0,false
2024-06-19 04:00,"NEW_MSC3/Local Zone:LABEL=0, STATICAREAX=0/HO Type:ho3g",0,0,0,0,0,0,0,0,0,0,0,0,0,0,0,0,0,0,0,0,0,0,0,0,0,0,0,false
2024-06-19 04:00,"NEW_MSC3/Local Zone:LABEL=0, STATICAREAX=0/HO Type:ho2gto3g",0,0,0,1,0,0,0,0,1,0,0,0,32,0,32,1,0,0,0,0,0,0,31,0,0,0,0,false
2024-06-19 04:00,"NEW_MSC3/Local Zone:LABEL=0, STATICAREAX=0/HO Type:ho3gto2g",0,0,0,3,0,1,0,1,3,0,0,0,189,0,189,4,0,0,0,0,0,0,182,0,0,0,0,false
2024-06-19 04:00,"NEW_MSC3/Local Zone:LABEL=0, STATICAREAX=0/HO Type:holteto2g",0,0,0,0,0,0,0,0,0,0,0,0,0,0,0,0,0,0,0,0,0,0,0,0,0,0,0,false
2024-06-19 04:00,"NEW_MSC3/Local Zone:LABEL=0, STATICAREAX=0/HO Type:holteto3g",0,0,0,0,0,0,0,0,0,0,0,0,0,0,0,0,0,0,0,0,0,0,0,0,0,0,0,false
2024-06-19 04:00,"vMSC3/Local Zone:LABEL=0, STATICAREAX=0/HO Type:ho2g",0,0,0,0,0,0,0,0,3,0,0,0,3,0,3,3,0,0,0,0,0,0,0,0,0,0,0,false
2024-06-19 04:00,"vMSC3/Local Zone:LABEL=0, STATICAREAX=0/HO Type:ho3g",0,0,0,0,0,0,0,0,0,0,0,0,0,0,0,0,0,0,0,0,0,0,0,0,0,0,0,false
2024-06-19 04:00,"vMSC3/Local Zone:LABEL=0, STATICAREAX=0/HO Type:ho2gto3g",0,0,0,2,0,0,0,0,1,0,0,0,13,0,13,1,0,0,0,0,0,0,11,0,0,0,0,false
2024-06-19 04:00,"vMSC3/Local Zone:LABEL=0, STATICAREAX=0/HO Type:ho3gto2g",0,0,0,5,0,1,1,4,5,0,0,0,110,0,110,6,0,0,0,0,0,0,99,0,0,0,0,false
2024-06-19 04:00,"vMSC3/Local Zone:LABEL=0, STATICAREAX=0/HO Type:holteto2g",0,0,0,0,0,0,0,0,0,0,0,0,0,0,0,0,0,0,0,0,0,0,0,0,0,0,0,false
2024-06-19 04:00,"vMSC3/Local Zone:LABEL=0, STATICAREAX=0/HO Type:holteto3g",0,0,0,0,0,0,0,0,0,0,0,0,0,0,0,0,0,0,0,0,0,0,0,0,0,0,0,false
2024-06-19 05:00,"MSOFTX/Local Zone:LABEL=0, STATICAREAX=0/HO Type:ho2g",0,0,0,0,0,1,0,0,0,0,0,0,14,0,14,0,0,0,0,0,0,0,14,0,0,0,0,false
2024-06-19 05:00,"MSOFTX/Local Zone:LABEL=0, STATICAREAX=0/HO Type:ho3g",0,0,0,0,0,0,0,0,0,0,0,0,0,0,0,0,0,0,0,0,0,0,0,0,0,0,0,false
2024-06-19 05:00,"MSOFTX/Local Zone:LABEL=0, STATICAREAX=0/HO Type:ho2gto3g",0,0,0,5,0,0,0,1,0,0,0,0,69,0,69,0,0,0,0,0,0,0,66,0,0,0,0,false
2024-06-19 05:00,"MSOFTX/Local Zone:LABEL=0, STATICAREAX=0/HO Type:ho3gto2g",0,0,0,0,0,4,3,0,15,0,0,0,363,0,363,23,0,0,0,0,0,0,340,0,0,0,0,false
2024-06-19 05:00,"MSOFTX/Local Zone:LABEL=0, STATICAREAX=0/HO Type:holteto2g",0,0,0,0,0,0,0,0,0,0,0,0,0,0,0,0,0,0,0,0,0,0,0,0,0,0,0,false
2024-06-19 05:00,"MSOFTX/Local Zone:LABEL=0, STATICAREAX=0/HO Type:holteto3g",0,0,0,0,0,0,0,0,0,0,0,0,0,0,0,0,0,0,0,0,0,0,0,0,0,0,0,false
2024-06-19 05:00,"NEW_MSC1/Local Zone:LABEL=0, STATICAREAX=0/HO Type:ho2g",0,0,0,0,0,0,0,0,0,0,0,0,0,0,0,0,0,0,0,0,0,0,0,0,0,0,0,false
2024-06-19 05:00,"NEW_MSC1/Local Zone:LABEL=0, STATICAREAX=0/HO Type:ho3g",0,0,1,2,0,0,0,1,4,0,0,0,17,0,17,4,0,0,0,0,0,0,11,0,0,0,0,false
2024-06-19 05:00,"NEW_MSC1/Local Zone:LABEL=0, STATICAREAX=0/HO Type:ho2gto3g",0,0,0,15,0,2,0,10,4,0,0,0,165,0,165,11,0,0,0,0,0,0,144,0,0,0,0,false
2024-06-19 05:00,"NEW_MSC1/Local Zone:LABEL=0, STATICAREAX=0/HO Type:ho3gto2g",0,0,0,5,0,6,7,2,43,0,0,0,1122,0,1122,55,0,0,0,0,0,0,1061,0,0,0,0,false
2024-06-19 05:00,"NEW_MSC1/Local Zone:LABEL=0, STATICAREAX=0/HO Type:holteto2g",0,0,0,0,0,0,0,0,0,0,0,0,0,0,0,0,0,0,0,0,0,0,0,0,0,0,0,false
2024-06-19 05:00,"NEW_MSC1/Local Zone:LABEL=0, STATICAREAX=0/HO Type:holteto3g",0,0,0,0,0,0,0,0,0,0,0,0,0,0,0,0,0,0,0,0,0,0,0,0,0,0,0,false
2024-06-19 05:00,"NEW_MSC3/Local Zone:LABEL=0, STATICAREAX=0/HO Type:ho2g",0,0,0,0,0,1,0,0,0,0,0,0,0,0,0,0,0,0,0,0,0,0,0,0,0,0,0,false
2024-06-19 05:00,"NEW_MSC3/Local Zone:LABEL=0, STATICAREAX=0/HO Type:ho3g",0,0,0,0,0,0,0,0,0,0,0,0,0,0,0,0,0,0,0,0,0,0,0,0,0,0,0,false
2024-06-19 05:00,"NEW_MSC3/Local Zone:LABEL=0, STATICAREAX=0/HO Type:ho2gto3g",0,0,0,2,0,0,0,0,4,0,0,0,65,0,65,5,0,0,0,0,0,0,60,0,0,0,0,false
2024-06-19 05:00,"NEW_MSC3/Local Zone:LABEL=0, STATICAREAX=0/HO Type:ho3gto2g",0,0,0,3,0,6,1,0,15,0,0,0,488,0,488,19,0,0,0,0,0,0,466,0,0,0,0,false
2024-06-19 05:00,"NEW_MSC3/Local Zone:LABEL=0, STATICAREAX=0/HO Type:holteto2g",0,0,0,0,0,0,0,0,0,0,0,0,0,0,0,0,0,0,0,0,0,0,0,0,0,0,0,false
2024-06-19 05:00,"NEW_MSC3/Local Zone:LABEL=0, STATICAREAX=0/HO Type:holteto3g",0,0,0,0,0,0,0,0,0,0,0,0,0,0,0,0,0,0,0,0,0,0,0,0,0,0,0,false
2024-06-19 05:00,"vMSC3/Local Zone:LABEL=0, STATICAREAX=0/HO Type:ho2g",0,0,0,0,0,0,0,0,0,0,0,0,0,0,0,0,0,0,0,0,0,0,0,0,0,0,0,false
2024-06-19 05:00,"vMSC3/Local Zone:LABEL=0, STATICAREAX=0/HO Type:ho3g",0,0,0,0,0,0,0,0,0,0,0,0,0,0,0,0,0,0,0,0,0,0,0,0,0,0,0,false
2024-06-19 05:00,"vMSC3/Local Zone:LABEL=0, STATICAREAX=0/HO Type:ho2gto3g",0,0,0,3,0,0,0,2,1,0,0,0,49,0,49,1,0,0,0,0,0,0,46,0,0,0,0,false
2024-06-19 05:00,"vMSC3/Local Zone:LABEL=0, STATICAREAX=0/HO Type:ho3gto2g",0,0,0,0,0,0,4,1,25,0,0,0,347,0,347,30,0,0,0,0,0,0,317,0,0,0,0,false
2024-06-19 05:00,"vMSC3/Local Zone:LABEL=0, STATICAREAX=0/HO Type:holteto2g",0,0,0,0,0,0,0,0,0,0,0,0,0,0,0,0,0,0,0,0,0,0,0,0,0,0,0,false
2024-06-19 05:00,"vMSC3/Local Zone:LABEL=0, STATICAREAX=0/HO Type:holteto3g",0,0,0,0,0,0,0,0,0,0,0,0,0,0,0,0,0,0,0,0,0,0,0,0,0,0,0,false
2024-06-19 06:00,"MSOFTX/Local Zone:LABEL=0, STATICAREAX=0/HO Type:ho2g",0,0,0,0,0,0,0,0,1,0,0,0,95,0,95,9,0,0,0,0,0,0,86,0,0,0,0,false
2024-06-19 06:00,"MSOFTX/Local Zone:LABEL=0, STATICAREAX=0/HO Type:ho3g",0,0,2,2,0,0,0,0,0,0,0,0,15,0,15,0,0,0,0,0,0,0,13,0,0,0,0,false
2024-06-19 06:00,"MSOFTX/Local Zone:LABEL=0, STATICAREAX=0/HO Type:ho2gto3g",0,0,0,18,0,0,1,14,18,0,0,0,355,0,355,22,0,0,0,0,0,0,318,0,0,0,0,false
2024-06-19 06:00,"MSOFTX/Local Zone:LABEL=0, STATICAREAX=0/HO Type:ho3gto2g",0,0,0,9,0,10,7,7,119,0,0,0,1548,0,1548,134,0,0,0,0,0,0,1405,0,0,0,0,false
2024-06-19 06:00,"MSOFTX/Local Zone:LABEL=0, STATICAREAX=0/HO Type:holteto2g",0,0,0,0,0,0,0,0,0,0,0,0,0,0,0,0,0,0,0,0,0,0,0,0,0,0,0,false
2024-06-19 06:00,"MSOFTX/Local Zone:LABEL=0, STATICAREAX=0/HO Type:holteto3g",0,0,0,0,0,0,0,0,0,0,0,0,0,0,0,0,0,0,0,0,0,0,0,0,0,0,0,false
2024-06-19 06:00,"NEW_MSC1/Local Zone:LABEL=0, STATICAREAX=0/HO Type:ho2g",0,0,0,0,0,2,0,0,8,0,0,0,8,0,8,8,0,0,0,0,0,0,0,0,0,0,0,false
2024-06-19 06:00,"NEW_MSC1/Local Zone:LABEL=0, STATICAREAX=0/HO Type:ho3g",0,0,4,10,0,1,0,6,8,0,0,0,135,0,135,9,0,0,0,0,0,0,116,0,0,0,0,false
2024-06-19 06:00,"NEW_MSC1/Local Zone:LABEL=0, STATICAREAX=0/HO Type:ho2gto3g",0,0,0,50,0,1,0,36,86,0,0,0,989,0,989,93,0,0,0,0,0,0,857,0,0,0,0,false
2024-06-19 06:00,"NEW_MSC1/Local Zone:LABEL=0, STATICAREAX=0/HO Type:ho3gto2g",0,0,0,25,0,23,19,13,260,0,0,0,5034,0,5034,295,0,0,0,0,0,0,4710,0,0,0,0,false
2024-06-19 06:00,"NEW_MSC1/Local Zone:LABEL=0, STATICAREAX=0/HO Type:holteto2g",0,0,0,0,0,0,0,0,0,0,0,0,0,0,0,0,0,0,0,0,0,0,0,0,0,0,0,false
2024-06-19 06:00,"NEW_MSC1/Local Zone:LABEL=0, STATICAREAX=0/HO Type:holteto3g",0,0,0,0,0,0,0,0,0,0,0,0,0,0,0,0,0,0,0,0,0,0,0,0,0,0,0,false
2024-06-19 06:00,"NEW_MSC3/Local Zone:LABEL=0, STATICAREAX=0/HO Type:ho2g",0,0,0,0,0,3,0,0,0,0,0,0,0,0,0,0,0,0,0,0,0,0,0,0,0,0,0,false
2024-06-19 06:00,"NEW_MSC3/Local Zone:LABEL=0, STATICAREAX=0/HO Type:ho3g",0,0,0,0,0,0,0,0,0,0,0,0,0,0,0,0,0,0,0,0,0,0,0,0,0,0,0,false
2024-06-19 06:00,"NEW_MSC3/Local Zone:LABEL=0, STATICAREAX=0/HO Type:ho2gto3g",0,0,0,5,0,0,0,2,8,0,0,0,251,0,251,12,0,0,0,0,0,0,237,0,0,0,0,false
2024-06-19 06:00,"NEW_MSC3/Local Zone:LABEL=0, STATICAREAX=0/HO Type:ho3gto2g",0,0,0,10,0,17,5,7,106,0,0,0,2163,0,2163,126,0,0,0,0,0,0,2026,0,0,0,0,false
2024-06-19 06:00,"NEW_MSC3/Local Zone:LABEL=0, STATICAREAX=0/HO Type:holteto2g",0,0,0,0,0,0,0,0,0,0,0,0,0,0,0,0,0,0,0,0,0,0,0,0,0,0,0,false
2024-06-19 06:00,"NEW_MSC3/Local Zone:LABEL=0, STATICAREAX=0/HO Type:holteto3g",0,0,0,0,0,0,0,0,0,0,0,0,0,0,0,0,0,0,0,0,0,0,0,0,0,0,0,false
2024-06-19 06:00,"vMSC3/Local Zone:LABEL=0, STATICAREAX=0/HO Type:ho2g",0,0,0,0,0,3,0,0,0,0,0,0,0,0,0,0,0,0,0,0,0,0,0,0,0,0,0,false
2024-06-19 06:00,"vMSC3/Local Zone:LABEL=0, STATICAREAX=0/HO Type:ho3g",0,0,0,0,0,0,0,0,0,0,0,0,0,0,0,0,0,0,0,0,0,0,0,0,0,0,0,false
2024-06-19 06:00,"vMSC3/Local Zone:LABEL=0, STATICAREAX=0/HO Type:ho2gto3g",0,0,0,7,0,0,0,5,3,0,0,0,150,0,150,5,0,0,0,0,0,0,140,0,0,0,0,false
2024-06-19 06:00,"vMSC3/Local Zone:LABEL=0, STATICAREAX=0/HO Type:ho3gto2g",0,0,0,6,0,10,5,1,60,0,0,0,1511,0,1511,72,0,0,0,0,0,0,1432,0,0,0,0,false
2024-06-19 06:00,"vMSC3/Local Zone:LABEL=0, STATICAREAX=0/HO Type:holteto2g",0,0,0,0,0,0,0,0,0,0,0,0,0,0,0,0,0,0,0,0,0,0,0,0,0,0,0,false
2024-06-19 06:00,"vMSC3/Local Zone:LABEL=0, STATICAREAX=0/HO Type:holteto3g",0,0,0,0,0,0,0,0,0,0,0,0,0,0,0,0,0,0,0,0,0,0,0,0,0,0,0,false
2024-06-19 07:00,"MSOFTX/Local Zone:LABEL=0, STATICAREAX=0/HO Type:ho2g",0,0,0,0,0,1,0,0,8,0,0,0,142,0,142,18,0,0,0,0,0,0,124,0,0,0,0,false
2024-06-19 07:00,"MSOFTX/Local Zone:LABEL=0, STATICAREAX=0/HO Type:ho3g",0,0,2,2,0,0,0,0,0,0,0,0,8,0,8,0,0,0,0,0,0,0,6,0,0,0,0,false
2024-06-19 07:00,"MSOFTX/Local Zone:LABEL=0, STATICAREAX=0/HO Type:ho2gto3g",0,0,0,24,0,1,0,14,40,0,0,0,467,0,467,52,0,0,0,0,0,0,397,0,0,0,0,false
2024-06-19 07:00,"MSOFTX/Local Zone:LABEL=0, STATICAREAX=0/HO Type:ho3gto2g",0,0,0,11,0,22,4,4,196,0,0,0,2782,0,2782,219,0,0,0,0,0,0,2551,0,0,0,0,false
2024-06-19 07:00,"MSOFTX/Local Zone:LABEL=0, STATICAREAX=0/HO Type:holteto2g",0,0,0,0,0,0,0,0,0,0,0,0,0,0,0,0,0,0,0,0,0,0,0,0,0,0,0,false
2024-06-19 07:00,"MSOFTX/Local Zone:LABEL=0, STATICAREAX=0/HO Type:holteto3g",0,0,0,0,0,0,0,0,0,0,0,0,0,0,0,0,0,0,0,0,0,0,0,0,0,0,0,false
2024-06-19 07:00,"NEW_MSC1/Local Zone:LABEL=0, STATICAREAX=0/HO Type:ho2g",0,0,0,0,0,3,0,0,23,0,0,0,23,0,23,23,0,0,0,0,0,0,0,0,0,0,0,false
2024-06-19 07:00,"NEW_MSC1/Local Zone:LABEL=0, STATICAREAX=0/HO Type:ho3g",0,0,5,13,0,0,0,8,22,0,0,0,239,0,239,22,0,0,0,0,0,0,204,0,0,0,0,false
2024-06-19 07:00,"NEW_MSC1/Local Zone:LABEL=0, STATICAREAX=0/HO Type:ho2gto3g",0,0,0,72,0,1,0,54,72,0,0,0,1503,0,1503,89,0,0,0,0,0,0,1352,0,0,0,0,false
2024-06-19 07:00,"NEW_MSC1/Local Zone:LABEL=0, STATICAREAX=0/HO Type:ho3gto2g",0,0,0,49,0,65,26,23,434,0,0,0,8644,0,8644,511,0,0,0,0,0,0,8087,0,0,0,0,false
2024-06-19 07:00,"NEW_MSC1/Local Zone:LABEL=0, STATICAREAX=0/HO Type:holteto2g",0,0,0,0,0,0,0,0,0,0,0,0,0,0,0,0,0,0,0,0,0,0,0,0,0,0,0,false
2024-06-19 07:00,"NEW_MSC1/Local Zone:LABEL=0, STATICAREAX=0/HO Type:holteto3g",0,0,0,0,0,0,0,0,0,0,0,0,0,0,0,0,0,0,0,0,0,0,0,0,0,0,0,false
2024-06-19 07:00,"NEW_MSC3/Local Zone:LABEL=0, STATICAREAX=0/HO Type:ho2g",0,0,0,0,0,5,0,0,0,0,0,0,0,0,0,0,0,0,0,0,0,0,0,0,0,0,0,false
2024-06-19 07:00,"NEW_MSC3/Local Zone:LABEL=0, STATICAREAX=0/HO Type:ho3g",0,0,0,0,0,0,0,0,0,0,0,0,2,0,2,0,0,0,0,0,0,0,2,0,0,0,0,false
2024-06-19 07:00,"NEW_MSC3/Local Zone:LABEL=0, STATICAREAX=0/HO Type:ho2gto3g",0,0,0,20,0,0,0,14,20,0,0,0,566,0,566,25,0,0,0,0,0,0,527,0,0,0,0,false
2024-06-19 07:00,"NEW_MSC3/Local Zone:LABEL=0, STATICAREAX=0/HO Type:ho3gto2g",0,0,0,11,0,35,12,6,157,0,0,0,4061,0,4061,201,0,0,0,0,0,0,3846,0,0,0,0,false
2024-06-19 07:00,"NEW_MSC3/Local Zone:LABEL=0, STATICAREAX=0/HO Type:holteto2g",0,0,0,0,0,0,0,0,0,0,0,0,0,0,0,0,0,0,0,0,0,0,0,0,0,0,0,false
2024-06-19 07:00,"NEW_MSC3/Local Zone:LABEL=0, STATICAREAX=0/HO Type:holteto3g",0,0,0,0,0,0,0,0,0,0,0,0,0,0,0,0,0,0,0,0,0,0,0,0,0,0,0,false
2024-06-19 07:00,"vMSC3/Local Zone:LABEL=0, STATICAREAX=0/HO Type:ho2g",0,0,0,0,0,3,0,0,2,0,0,0,2,0,2,2,0,0,0,0,0,0,0,0,0,0,0,false
2024-06-19 07:00,"vMSC3/Local Zone:LABEL=0, STATICAREAX=0/HO Type:ho3g",0,0,0,0,0,0,0,0,0,0,0,0,0,0,0,0,0,0,0,0,0,0,0,0,0,0,0,false
2024-06-19 07:00,"vMSC3/Local Zone:LABEL=0, STATICAREAX=0/HO Type:ho2gto3g",0,0,0,7,0,0,0,6,7,0,0,0,333,0,333,15,0,0,0,0,0,0,312,0,0,0,0,false
2024-06-19 07:00,"vMSC3/Local Zone:LABEL=0, STATICAREAX=0/HO Type:ho3gto2g",0,0,0,16,0,34,4,5,96,0,0,0,2570,0,2570,127,0,0,0,0,0,0,2429,0,0,0,0,false
2024-06-19 07:00,"vMSC3/Local Zone:LABEL=0, STATICAREAX=0/HO Type:holteto2g",0,0,0,0,0,0,0,0,0,0,0,0,0,0,0,0,0,0,0,0,0,0,0,0,0,0,0,false
2024-06-19 07:00,"vMSC3/Local Zone:LABEL=0, STATICAREAX=0/HO Type:holteto3g",0,0,0,0,0,0,0,0,0,0,0,0,0,0,0,0,0,0,0,0,0,0,0,0,0,0,0,false
2024-06-19 08:00,"MSOFTX/Local Zone:LABEL=0, STATICAREAX=0/HO Type:ho2g",0,2,0,0,0,4,0,0,3,0,0,0,118,0,120,9,0,0,0,0,0,0,111,0,0,0,0,false
2024-06-19 08:00,"MSOFTX/Local Zone:LABEL=0, STATICAREAX=0/HO Type:ho3g",0,0,1,2,0,0,0,1,0,0,0,0,22,0,22,0,0,0,0,0,0,0,20,0,0,0,0,false
2024-06-19 08:00,"MSOFTX/Local Zone:LABEL=0, STATICAREAX=0/HO Type:ho2gto3g",0,0,0,25,0,0,0,21,46,0,0,0,726,0,726,62,0,0,0,0,0,0,639,0,0,0,0,false
2024-06-19 08:00,"MSOFTX/Local Zone:LABEL=0, STATICAREAX=0/HO Type:ho3gto2g",0,0,0,19,0,27,7,12,198,0,0,0,3997,0,3997,233,0,0,0,0,0,0,3746,0,0,0,0,false
2024-06-19 08:00,"MSOFTX/Local Zone:LABEL=0, STATICAREAX=0/HO Type:holteto2g",0,0,0,0,0,0,0,0,0,0,0,0,0,0,0,0,0,0,0,0,0,0,0,0,0,0,0,false
2024-06-19 08:00,"MSOFTX/Local Zone:LABEL=0, STATICAREAX=0/HO Type:holteto3g",0,0,0,0,0,0,0,0,0,0,0,0,0,0,0,0,0,0,0,0,0,0,0,0,0,0,0,false
2024-06-19 08:00,"NEW_MSC1/Local Zone:LABEL=0, STATICAREAX=0/HO Type:ho2g",0,0,0,0,0,3,0,0,10,0,0,0,10,0,10,10,0,0,0,0,0,0,0,0,0,0,0,false
2024-06-19 08:00,"NEW_MSC1/Local Zone:LABEL=0, STATICAREAX=0/HO Type:ho3g",0,0,8,18,0,1,1,9,14,0,0,0,233,0,233,17,0,0,0,0,0,0,198,0,0,0,0,false
2024-06-19 08:00,"NEW_MSC1/Local Zone:LABEL=0, STATICAREAX=0/HO Type:ho2gto3g",0,0,0,85,0,0,0,62,62,0,0,0,1724,0,1724,81,0,0,0,0,0,0,1572,0,0,0,0,false
2024-06-19 08:00,"NEW_MSC1/Local Zone:LABEL=0, STATICAREAX=0/HO Type:ho3gto2g",0,0,0,38,0,56,33,20,567,0,0,0,10467,0,10467,650,0,0,0,0,0,0,9777,0,0,0,0,false
2024-06-19 08:00,"NEW_MSC1/Local Zone:LABEL=0, STATICAREAX=0/HO Type:holteto2g",0,0,0,0,0,0,0,0,0,0,0,0,0,0,0,0,0,0,0,0,0,0,0,0,0,0,0,false
2024-06-19 08:00,"NEW_MSC1/Local Zone:LABEL=0, STATICAREAX=0/HO Type:holteto3g",0,0,0,0,0,0,0,0,0,0,0,0,0,0,0,0,0,0,0,0,0,0,0,0,0,0,0,false
2024-06-19 08:00,"NEW_MSC3/Local Zone:LABEL=0, STATICAREAX=0/HO Type:ho2g",0,0,0,1,0,7,0,1,0,0,0,0,1,0,1,0,0,0,0,0,0,0,0,0,0,0,0,false
2024-06-19 08:00,"NEW_MSC3/Local Zone:LABEL=0, STATICAREAX=0/HO Type:ho3g",0,0,0,0,0,0,0,0,0,0,0,0,0,0,0,0,0,0,0,0,0,0,0,0,0,0,0,false
2024-06-19 08:00,"NEW_MSC3/Local Zone:LABEL=0, STATICAREAX=0/HO Type:ho2gto3g",0,0,0,22,0,1,0,13,15,0,0,0,534,0,534,20,0,0,0,0,0,0,498,0,0,0,0,false
2024-06-19 08:00,"NEW_MSC3/Local Zone:LABEL=0, STATICAREAX=0/HO Type:ho3gto2g",0,0,6,24,0,36,17,10,237,0,0,0,4573,0,4573,286,0,0,0,0,0,0,4265,0,0,0,0,false
2024-06-19 08:00,"NEW_MSC3/Local Zone:LABEL=0, STATICAREAX=0/HO Type:holteto2g",0,0,0,0,0,0,0,0,0,0,0,0,0,0,0,0,0,0,0,0,0,0,0,0,0,0,0,false
2024-06-19 08:00,"NEW_MSC3/Local Zone:LABEL=0, STATICAREAX=0/HO Type:holteto3g",0,0,0,0,0,0,0,0,0,0,0,0,0,0,0,0,0,0,0,0,0,0,0,0,0,0,0,false
2024-06-19 08:00,"vMSC3/Local Zone:LABEL=0, STATICAREAX=0/HO Type:ho2g",0,0,0,0,0,6,0,0,0,0,0,0,0,0,0,0,0,0,0,0,0,0,0,0,0,0,0,false
2024-06-19 08:00,"vMSC3/Local Zone:LABEL=0, STATICAREAX=0/HO Type:ho3g",0,0,0,0,0,0,0,0,0,0,0,0,0,0,0,0,0,0,0,0,0,0,0,0,0,0,0,false
2024-06-19 08:00,"vMSC3/Local Zone:LABEL=0, STATICAREAX=0/HO Type:ho2gto3g",0,0,0,2,0,0,0,2,7,0,0,0,257,0,257,12,0,0,0,0,0,0,243,0,0,0,0,false
2024-06-19 08:00,"vMSC3/Local Zone:LABEL=0, STATICAREAX=0/HO Type:ho3gto2g",0,0,0,11,0,24,10,1,136,0,0,0,2874,0,2874,163,0,0,0,0,0,0,2700,0,0,0,0,false
2024-06-19 08:00,"vMSC3/Local Zone:LABEL=0, STATICAREAX=0/HO Type:holteto2g",0,0,0,0,0,0,0,0,0,0,0,0,0,0,0,0,0,0,0,0,0,0,0,0,0,0,0,false
2024-06-19 08:00,"vMSC3/Local Zone:LABEL=0, STATICAREAX=0/HO Type:holteto3g",0,0,0,0,0,0,0,0,0,0,0,0,0,0,0,0,0,0,0,0,0,0,0,0,0,0,0,false
2024-06-19 09:00,"MSOFTX/Local Zone:LABEL=0, STATICAREAX=0/HO Type:ho2g",0,2,0,0,0,3,0,0,1,0,0,0,98,0,100,15,0,0,0,0,0,0,85,0,0,0,0,false
2024-06-19 09:00,"MSOFTX/Local Zone:LABEL=0, STATICAREAX=0/HO Type:ho3g",0,0,2,2,0,0,0,0,0,0,0,0,37,0,37,0,0,0,0,0,0,0,35,0,0,0,0,false
2024-06-19 09:00,"MSOFTX/Local Zone:LABEL=0, STATICAREAX=0/HO Type:ho2gto3g",0,0,0,30,0,1,0,27,46,0,0,0,774,0,774,64,0,0,0,0,0,0,684,0,0,0,0,false
2024-06-19 09:00,"MSOFTX/Local Zone:LABEL=0, STATICAREAX=0/HO Type:ho3gto2g",0,0,0,25,0,30,14,7,225,0,0,0,3953,0,3953,264,0,0,0,0,0,0,3663,0,0,0,0,false
2024-06-19 09:00,"MSOFTX/Local Zone:LABEL=0, STATICAREAX=0/HO Type:holteto2g",0,0,0,0,0,0,0,0,0,0,0,0,0,0,0,0,0,0,0,0,0,0,0,0,0,0,0,false
2024-06-19 09:00,"MSOFTX/Local Zone:LABEL=0, STATICAREAX=0/HO Type:holteto3g",0,0,0,0,0,0,0,0,0,0,0,0,0,0,0,0,0,0,0,0,0,0,0,0,0,0,0,false
2024-06-19 09:00,"NEW_MSC1/Local Zone:LABEL=0, STATICAREAX=0/HO Type:ho2g",0,0,0,0,0,3,0,0,5,0,0,0,5,0,5,5,0,0,0,0,0,0,0,0,0,0,0,false
2024-06-19 09:00,"NEW_MSC1/Local Zone:LABEL=0, STATICAREAX=0/HO Type:ho3g",0,0,7,13,0,1,0,5,12,0,0,0,208,0,208,15,0,0,0,0,0,0,180,0,0,0,0,false
2024-06-19 09:00,"NEW_MSC1/Local Zone:LABEL=0, STATICAREAX=0/HO Type:ho2gto3g",0,0,0,67,0,2,1,51,43,0,0,0,1607,0,1607,78,0,0,0,0,0,0,1471,0,0,0,0,false
2024-06-19 09:00,"NEW_MSC1/Local Zone:LABEL=0, STATICAREAX=0/HO Type:ho3gto2g",0,0,0,50,0,75,34,21,555,0,0,0,10198,0,10198,648,0,0,0,0,0,0,9505,0,0,0,0,false
2024-06-19 09:00,"NEW_MSC1/Local Zone:LABEL=0, STATICAREAX=0/HO Type:holteto2g",0,0,0,0,0,0,0,0,0,0,0,0,0,0,0,0,0,0,0,0,0,0,0,0,0,0,0,false
2024-06-19 09:00,"NEW_MSC1/Local Zone:LABEL=0, STATICAREAX=0/HO Type:holteto3g",0,0,0,0,0,0,0,0,0,0,0,0,0,0,0,0,0,0,0,0,0,0,0,0,0,0,0,false
2024-06-19 09:00,"NEW_MSC3/Local Zone:LABEL=0, STATICAREAX=0/HO Type:ho2g",0,0,0,2,0,8,0,2,2,0,0,0,5,0,5,3,0,0,0,0,0,0,0,0,0,0,0,false
2024-06-19 09:00,"NEW_MSC3/Local Zone:LABEL=0, STATICAREAX=0/HO Type:ho3g",0,0,0,0,0,0,0,0,0,0,0,0,0,0,0,0,0,0,0,0,0,0,0,0,0,0,0,false
2024-06-19 09:00,"NEW_MSC3/Local Zone:LABEL=0, STATICAREAX=0/HO Type:ho2gto3g",0,0,0,17,0,1,0,10,52,0,0,0,607,0,607,56,0,0,0,0,0,0,537,0,0,0,0,false
2024-06-19 09:00,"NEW_MSC3/Local Zone:LABEL=0, STATICAREAX=0/HO Type:ho3gto2g",0,0,0,14,0,27,18,3,229,0,0,0,4609,0,4609,267,0,0,0,0,0,0,4329,0,0,0,0,false
2024-06-19 09:00,"NEW_MSC3/Local Zone:LABEL=0, STATICAREAX=0/HO Type:holteto2g",0,0,0,0,0,0,0,0,0,0,0,0,0,0,0,0,0,0,0,0,0,0,0,0,0,0,0,false
2024-06-19 09:00,"NEW_MSC3/Local Zone:LABEL=0, STATICAREAX=0/HO Type:holteto3g",0,0,0,0,0,0,0,0,0,0,0,0,0,0,0,0,0,0,0,0,0,0,0,0,0,0,0,false
2024-06-19 09:00,"vMSC3/Local Zone:LABEL=0, STATICAREAX=0/HO Type:ho2g",0,0,0,0,0,5,0,0,0,0,0,0,0,0,0,0,0,0,0,0,0,0,0,0,0,0,0,false
2024-06-19 09:00,"vMSC3/Local Zone:LABEL=0, STATICAREAX=0/HO Type:ho3g",0,0,0,0,0,0,0,0,0,0,0,0,0,0,0,0,0,0,0,0,0,0,0,0,0,0,0,false
2024-06-19 09:00,"vMSC3/Local Zone:LABEL=0, STATICAREAX=0/HO Type:ho2gto3g",0,0,0,14,0,0,0,10,11,0,0,0,408,0,408,16,0,0,0,0,0,0,381,0,0,0,0,false
2024-06-19 09:00,"vMSC3/Local Zone:LABEL=0, STATICAREAX=0/HO Type:ho3gto2g",0,0,0,13,0,18,7,5,126,0,0,0,3025,0,3025,150,0,0,0,0,0,0,2861,0,0,0,0,false
2024-06-19 09:00,"vMSC3/Local Zone:LABEL=0, STATICAREAX=0/HO Type:holteto2g",0,0,0,0,0,0,0,0,0,0,0,0,0,0,0,0,0,0,0,0,0,0,0,0,0,0,0,false
2024-06-19 09:00,"vMSC3/Local Zone:LABEL=0, STATICAREAX=0/HO Type:holteto3g",0,0,0,0,0,0,0,0,0,0,0,0,0,0,0,0,0,0,0,0,0,0,0,0,0,0,0,false
2024-06-19 10:00,"MSOFTX/Local Zone:LABEL=0, STATICAREAX=0/HO Type:ho2g",0,2,0,0,0,5,0,0,0,0,0,0,100,0,102,5,0,0,0,0,0,0,96,0,0,0,0,false
2024-06-19 10:00,"MSOFTX/Local Zone:LABEL=0, STATICAREAX=0/HO Type:ho3g",0,0,0,0,0,0,0,0,0,0,0,0,13,0,13,0,0,0,0,0,0,0,13,0,0,0,0,false
2024-06-19 10:00,"MSOFTX/Local Zone:LABEL=0, STATICAREAX=0/HO Type:ho2gto3g",0,0,0,29,0,0,0,24,20,0,0,0,664,0,664,37,0,0,0,0,0,0,600,0,0,0,0,false
2024-06-19 10:00,"MSOFTX/Local Zone:LABEL=0, STATICAREAX=0/HO Type:ho3gto2g",0,0,0,14,0,21,12,8,199,0,0,0,3855,0,3855,229,0,0,0,0,0,0,3614,0,0,0,0,false
2024-06-19 10:00,"MSOFTX/Local Zone:LABEL=0, STATICAREAX=0/HO Type:holteto2g",0,0,0,0,0,0,0,0,0,0,0,0,0,0,0,0,0,0,0,0,0,0,0,0,0,0,0,false
2024-06-19 10:00,"MSOFTX/Local Zone:LABEL=0, STATICAREAX=0/HO Type:holteto3g",0,0,0,0,0,0,0,0,0,0,0,0,0,0,0,0,0,0,0,0,0,0,0,0,0,0,0,false
2024-06-19 10:00,"NEW_MSC1/Local Zone:LABEL=0, STATICAREAX=0/HO Type:ho2g",0,0,0,0,0,3,0,0,10,0,0,0,10,0,10,10,0,0,0,0,0,0,0,0,0,0,0,false
2024-06-19 10:00,"NEW_MSC1/Local Zone:LABEL=0, STATICAREAX=0/HO Type:ho3g",0,0,4,11,0,3,1,5,16,0,0,0,197,0,197,19,0,0,0,0,0,0,166,0,0,0,0,false
2024-06-19 10:00,"NEW_MSC1/Local Zone:LABEL=0, STATICAREAX=0/HO Type:ho2gto3g",0,0,5,96,0,0,0,74,82,0,0,0,1481,0,1481,126,0,0,0,0,0,0,1277,0,0,0,0,false
2024-06-19 10:00,"NEW_MSC1/Local Zone:LABEL=0, STATICAREAX=0/HO Type:ho3gto2g",0,0,2,45,0,60,31,45,538,0,0,0,9902,0,9902,655,0,0,0,0,0,0,9204,0,0,0,0,false
2024-06-19 10:00,"NEW_MSC1/Local Zone:LABEL=0, STATICAREAX=0/HO Type:holteto2g",0,0,0,0,0,0,0,0,0,0,0,0,0,0,0,0,0,0,0,0,0,0,0,0,0,0,0,false
2024-06-19 10:00,"NEW_MSC1/Local Zone:LABEL=0, STATICAREAX=0/HO Type:holteto3g",0,0,0,0,0,0,0,0,0,0,0,0,0,0,0,0,0,0,0,0,0,0,0,0,0,0,0,false
2024-06-19 10:00,"NEW_MSC3/Local Zone:LABEL=0, STATICAREAX=0/HO Type:ho2g",0,0,0,0,0,5,0,0,2,0,0,0,2,0,2,2,0,0,0,0,0,0,0,0,0,0,0,false
2024-06-19 10:00,"NEW_MSC3/Local Zone:LABEL=0, STATICAREAX=0/HO Type:ho3g",0,0,0,0,0,0,0,0,0,0,0,0,2,0,2,0,0,0,0,0,0,0,2,0,0,0,0,false
2024-06-19 10:00,"NEW_MSC3/Local Zone:LABEL=0, STATICAREAX=0/HO Type:ho2gto3g",0,0,0,18,0,1,0,14,39,0,0,0,543,0,543,42,0,0,0,0,0,0,486,0,0,0,0,false
2024-06-19 10:00,"NEW_MSC3/Local Zone:LABEL=0, STATICAREAX=0/HO Type:ho3gto2g",0,0,4,27,0,30,17,10,202,0,0,0,4371,0,4371,242,0,0,0,0,0,0,4102,0,0,0,0,false
2024-06-19 10:00,"NEW_MSC3/Local Zone:LABEL=0, STATICAREAX=0/HO Type:holteto2g",0,0,0,0,0,0,0,0,0,0,0,0,0,0,0,0,0,0,0,0,0,0,0,0,0,0,0,false
2024-06-19 10:00,"NEW_MSC3/Local Zone:LABEL=0, STATICAREAX=0/HO Type:holteto3g",0,0,0,0,0,0,0,0,0,0,0,0,0,0,0,0,0,0,0,0,0,0,0,0,0,0,0,false
2024-06-19 10:00,"vMSC3/Local Zone:LABEL=0, STATICAREAX=0/HO Type:ho2g",0,0,0,0,0,5,0,0,0,0,0,0,0,0,0,0,0,0,0,0,0,0,0,0,0,0,0,false
2024-06-19 10:00,"vMSC3/Local Zone:LABEL=0, STATICAREAX=0/HO Type:ho3g",0,0,0,0,0,0,0,0,0,0,0,0,0,0,0,0,0,0,0,0,0,0,0,0,0,0,0,false
2024-06-19 10:00,"vMSC3/Local Zone:LABEL=0, STATICAREAX=0/HO Type:ho2gto3g",0,0,0,17,0,0,0,13,15,0,0,0,367,0,367,21,0,0,0,0,0,0,331,0,0,0,0,false
2024-06-19 10:00,"vMSC3/Local Zone:LABEL=0, STATICAREAX=0/HO Type:ho3gto2g",0,0,0,19,0,21,7,10,131,0,0,0,3095,0,3095,152,0,0,0,0,0,0,2925,0,0,0,0,false
2024-06-19 10:00,"vMSC3/Local Zone:LABEL=0, STATICAREAX=0/HO Type:holteto2g",0,0,0,0,0,0,0,0,0,0,0,0,0,0,0,0,0,0,0,0,0,0,0,0,0,0,0,false
2024-06-19 10:00,"vMSC3/Local Zone:LABEL=0, STATICAREAX=0/HO Type:holteto3g",0,0,0,0,0,0,0,0,0,0,0,0,0,0,0,0,0,0,0,0,0,0,0,0,0,0,0,false
2024-06-19 11:00,"MSOFTX/Local Zone:LABEL=0, STATICAREAX=0/HO Type:ho2g",0,0,0,0,0,2,0,0,10,0,0,0,101,0,101,14,0,0,0,0,0,0,87,0,0,0,0,false
2024-06-19 11:00,"MSOFTX/Local Zone:LABEL=0, STATICAREAX=0/HO Type:ho3g",0,0,0,1,0,0,0,1,0,0,0,0,9,0,9,0,0,0,0,0,0,0,8,0,0,0,0,false
2024-06-19 11:00,"MSOFTX/Local Zone:LABEL=0, STATICAREAX=0/HO Type:ho2gto3g",0,0,0,29,0,0,0,24,36,0,0,0,664,0,664,55,0,0,0,0,0,0,584,0,0,0,0,false
2024-06-19 11:00,"MSOFTX/Local Zone:LABEL=0, STATICAREAX=0/HO Type:ho3gto2g",0,0,0,22,0,27,13,9,237,0,0,0,3949,0,3949,266,0,0,0,0,0,0,3659,0,0,0,0,false
2024-06-19 11:00,"MSOFTX/Local Zone:LABEL=0, STATICAREAX=0/HO Type:holteto2g",0,0,0,0,0,0,0,0,0,0,0,0,0,0,0,0,0,0,0,0,0,0,0,0,0,0,0,false
2024-06-19 11:00,"MSOFTX/Local Zone:LABEL=0, STATICAREAX=0/HO Type:holteto3g",0,0,0,0,0,0,0,0,0,0,0,0,0,0,0,0,0,0,0,0,0,0,0,0,0,0,0,false
2024-06-19 11:00,"NEW_MSC1/Local Zone:LABEL=0, STATICAREAX=0/HO Type:ho2g",0,0,0,0,0,3,0,0,8,0,0,0,8,0,8,8,0,0,0,0,0,0,0,0,0,0,0,false
2024-06-19 11:00,"NEW_MSC1/Local Zone:LABEL=0, STATICAREAX=0/HO Type:ho3g",0,0,7,16,0,0,1,6,18,0,0,0,209,0,209,19,0,0,0,0,0,0,175,0,0,0,0,false
2024-06-19 11:00,"NEW_MSC1/Local Zone:LABEL=0, STATICAREAX=0/HO Type:ho2gto3g",0,0,0,88,0,0,0,61,118,0,0,0,1765,0,1765,141,0,0,0,0,0,0,1551,0,0,0,0,false
2024-06-19 11:00,"NEW_MSC1/Local Zone:LABEL=0, STATICAREAX=0/HO Type:ho3gto2g",0,0,0,54,0,74,37,27,581,0,0,0,10586,0,10586,679,0,0,0,0,0,0,9853,0,0,0,0,false
2024-06-19 11:00,"NEW_MSC1/Local Zone:LABEL=0, STATICAREAX=0/HO Type:holteto2g",0,0,0,0,0,0,0,0,0,0,0,0,0,0,0,0,0,0,0,0,0,0,0,0,0,0,0,false
2024-06-19 11:00,"NEW_MSC1/Local Zone:LABEL=0, STATICAREAX=0/HO Type:holteto3g",0,0,0,0,0,0,0,0,0,0,0,0,0,0,0,0,0,0,0,0,0,0,0,0,0,0,0,false
2024-06-19 11:00,"NEW_MSC3/Local Zone:LABEL=0, STATICAREAX=0/HO Type:ho2g",0,0,0,0,0,3,0,0,2,0,0,0,2,0,2,2,0,0,0,0,0,0,0,0,0,0,0,false
2024-06-19 11:00,"NEW_MSC3/Local Zone:LABEL=0, STATICAREAX=0/HO Type:ho3g",0,0,0,0,0,0,0,0,0,0,0,0,0,0,0,0,0,0,0,0,0,0,0,0,0,0,0,false
2024-06-19 11:00,"NEW_MSC3/Local Zone:LABEL=0, STATICAREAX=0/HO Type:ho2gto3g",0,0,0,20,0,1,0,12,56,0,0,0,553,0,553,62,0,0,0,0,0,0,475,0,0,0,0,false
2024-06-19 11:00,"NEW_MSC3/Local Zone:LABEL=0, STATICAREAX=0/HO Type:ho3gto2g",0,0,0,18,0,30,13,9,231,0,0,0,4540,0,4540,271,0,0,0,0,0,0,4250,0,0,0,0,false
2024-06-19 11:00,"NEW_MSC3/Local Zone:LABEL=0, STATICAREAX=0/HO Type:holteto2g",0,0,0,0,0,0,0,0,0,0,0,0,0,0,0,0,0,0,0,0,0,0,0,0,0,0,0,false
2024-06-19 11:00,"NEW_MSC3/Local Zone:LABEL=0, STATICAREAX=0/HO Type:holteto3g",0,0,0,0,0,0,0,0,0,0,0,0,0,0,0,0,0,0,0,0,0,0,0,0,0,0,0,false
2024-06-19 11:00,"vMSC3/Local Zone:LABEL=0, STATICAREAX=0/HO Type:ho2g",0,0,0,0,0,2,0,0,0,0,0,0,0,0,0,0,0,0,0,0,0,0,0,0,0,0,0,false
2024-06-19 11:00,"vMSC3/Local Zone:LABEL=0, STATICAREAX=0/HO Type:ho3g",0,0,0,0,0,0,0,0,0,0,0,0,0,0,0,0,0,0,0,0,0,0,0,0,0,0,0,false
2024-06-19 11:00,"vMSC3/Local Zone:LABEL=0, STATICAREAX=0/HO Type:ho2gto3g",0,0,0,8,0,0,0,7,4,0,0,0,324,0,324,7,0,0,0,0,0,0,311,0,0,0,0,false
2024-06-19 11:00,"vMSC3/Local Zone:LABEL=0, STATICAREAX=0/HO Type:ho3gto2g",0,0,0,16,0,19,10,7,120,0,0,0,3025,0,3025,144,0,0,0,0,0,0,2865,0,0,0,0,false
2024-06-19 11:00,"vMSC3/Local Zone:LABEL=0, STATICAREAX=0/HO Type:holteto2g",0,0,0,0,0,0,0,0,0,0,0,0,0,0,0,0,0,0,0,0,0,0,0,0,0,0,0,false
2024-06-19 11:00,"vMSC3/Local Zone:LABEL=0, STATICAREAX=0/HO Type:holteto3g",0,0,0,0,0,0,0,0,0,0,0,0,0,0,0,0,0,0,0,0,0,0,0,0,0,0,0,false
2024-06-19 12:00,"MSOFTX/Local Zone:LABEL=0, STATICAREAX=0/HO Type:ho2g",0,6,0,1,0,1,0,1,20,0,0,0,107,0,113,24,0,0,0,0,0,0,85,0,0,0,0,false
2024-06-19 12:00,"MSOFTX/Local Zone:LABEL=0, STATICAREAX=0/HO Type:ho3g",0,0,0,0,0,0,0,0,0,0,0,0,1,0,1,0,0,0,0,0,0,0,1,0,0,0,0,false
2024-06-19 12:00,"MSOFTX/Local Zone:LABEL=0, STATICAREAX=0/HO Type:ho2gto3g",0,0,0,23,0,0,0,20,59,0,0,0,683,0,683,80,0,0,0,0,0,0,582,0,0,0,0,false
2024-06-19 12:00,"MSOFTX/Local Zone:LABEL=0, STATICAREAX=0/HO Type:ho3gto2g",0,0,0,16,0,19,15,7,192,0,0,0,3607,0,3607,222,0,0,0,0,0,0,3371,0,0,0,0,false
2024-06-19 12:00,"MSOFTX/Local Zone:LABEL=0, STATICAREAX=0/HO Type:holteto2g",0,0,0,0,0,0,0,0,0,0,0,0,0,0,0,0,0,0,0,0,0,0,0,0,0,0,0,false
2024-06-19 12:00,"MSOFTX/Local Zone:LABEL=0, STATICAREAX=0/HO Type:holteto3g",0,0,0,0,0,0,0,0,0,0,0,0,0,0,0,0,0,0,0,0,0,0,0,0,0,0,0,false
2024-06-19 12:00,"NEW_MSC1/Local Zone:LABEL=0, STATICAREAX=0/HO Type:ho2g",0,0,0,1,0,3,0,1,11,0,0,0,12,0,12,11,0,0,0,0,0,0,0,0,0,0,0,false
2024-06-19 12:00,"NEW_MSC1/Local Zone:LABEL=0, STATICAREAX=0/HO Type:ho3g",0,0,4,8,0,1,1,4,12,0,0,0,197,0,197,16,0,0,0,0,0,0,173,0,0,0,0,false
2024-06-19 12:00,"NEW_MSC1/Local Zone:LABEL=0, STATICAREAX=0/HO Type:ho2gto3g",0,0,0,74,0,1,0,54,92,0,0,0,1554,0,1554,116,0,0,0,0,0,0,1377,0,0,0,0,false
2024-06-19 12:00,"NEW_MSC1/Local Zone:LABEL=0, STATICAREAX=0/HO Type:ho3gto2g",0,0,0,67,0,88,39,33,574,0,0,0,10254,0,10254,678,0,0,0,0,0,0,9513,0,0,0,0,false
2024-06-19 12:00,"NEW_MSC1/Local Zone:LABEL=0, STATICAREAX=0/HO Type:holteto2g",0,0,0,0,0,0,0,0,0,0,0,0,0,0,0,0,0,0,0,0,0,0,0,0,0,0,0,false
2024-06-19 12:00,"NEW_MSC1/Local Zone:LABEL=0, STATICAREAX=0/HO Type:holteto3g",0,0,0,0,0,0,0,0,0,0,0,0,0,0,0,0,0,0,0,0,0,0,0,0,0,0,0,false
2024-06-19 12:00,"NEW_MSC3/Local Zone:LABEL=0, STATICAREAX=0/HO Type:ho2g",0,0,0,0,0,5,0,0,0,0,0,0,0,0,0,0,0,0,0,0,0,0,0,0,0,0,0,false
2024-06-19 12:00,"NEW_MSC3/Local Zone:LABEL=0, STATICAREAX=0/HO Type:ho3g",0,0,0,0,0,0,0,0,0,0,0,0,0,0,0,0,0,0,0,0,0,0,0,0,0,0,0,false
2024-06-19 12:00,"NEW_MSC3/Local Zone:LABEL=0, STATICAREAX=0/HO Type:ho2gto3g",0,0,0,13,0,0,0,9,37,0,0,0,571,0,571,46,0,0,0,0,0,0,516,0,0,0,0,false
2024-06-19 12:00,"NEW_MSC3/Local Zone:LABEL=0, STATICAREAX=0/HO Type:ho3gto2g",0,0,0,24,0,37,15,10,188,0,0,0,4564,0,4564,231,0,0,0,0,0,0,4311,0,0,0,0,false
2024-06-19 12:00,"NEW_MSC3/Local Zone:LABEL=0, STATICAREAX=0/HO Type:holteto2g",0,0,0,0,0,0,0,0,0,0,0,0,0,0,0,0,0,0,0,0,0,0,0,0,0,0,0,false
2024-06-19 12:00,"NEW_MSC3/Local Zone:LABEL=0, STATICAREAX=0/HO Type:holteto3g",0,0,0,0,0,0,0,0,0,0,0,0,0,0,0,0,0,0,0,0,0,0,0,0,0,0,0,false
2024-06-19 12:00,"vMSC3/Local Zone:LABEL=0, STATICAREAX=0/HO Type:ho2g",0,0,0,0,0,3,0,0,0,0,0,0,0,0,0,0,0,0,0,0,0,0,0,0,0,0,0,false
2024-06-19 12:00,"vMSC3/Local Zone:LABEL=0, STATICAREAX=0/HO Type:ho3g",0,0,0,0,0,0,0,0,0,0,0,0,0,0,0,0,0,0,0,0,0,0,0,0,0,0,0,false
2024-06-19 12:00,"vMSC3/Local Zone:LABEL=0, STATICAREAX=0/HO Type:ho2gto3g",0,0,0,13,0,0,0,12,24,0,0,0,371,0,371,28,0,0,0,0,0,0,330,0,0,0,0,false
2024-06-19 12:00,"vMSC3/Local Zone:LABEL=0, STATICAREAX=0/HO Type:ho3gto2g",0,0,0,14,0,19,3,6,116,0,0,0,3008,0,3008,131,0,0,0,0,0,0,2863,0,0,0,0,false
2024-06-19 12:00,"vMSC3/Local Zone:LABEL=0, STATICAREAX=0/HO Type:holteto2g",0,0,0,0,0,0,0,0,0,0,0,0,0,0,0,0,0,0,0,0,0,0,0,0,0,0,0,false
2024-06-19 12:00,"vMSC3/Local Zone:LABEL=0, STATICAREAX=0/HO Type:holteto3g",0,0,0,0,0,0,0,0,0,0,0,0,0,0,0,0,0,0,0,0,0,0,0,0,0,0,0,false
2024-06-19 13:00,"MSOFTX/Local Zone:LABEL=0, STATICAREAX=0/HO Type:ho2g",0,0,0,1,0,3,0,1,7,0,0,0,89,0,89,10,0,0,0,0,0,0,78,0,0,0,0,false
2024-06-19 13:00,"MSOFTX/Local Zone:LABEL=0, STATICAREAX=0/HO Type:ho3g",0,0,1,1,0,0,0,0,3,0,0,0,7,0,7,3,0,0,0,0,0,0,3,0,0,0,0,false
2024-06-19 13:00,"MSOFTX/Local Zone:LABEL=0, STATICAREAX=0/HO Type:ho2gto3g",0,0,0,29,0,0,0,18,39,0,0,0,572,0,572,49,0,0,0,0,0,0,499,0,0,0,0,false
2024-06-19 13:00,"MSOFTX/Local Zone:LABEL=0, STATICAREAX=0/HO Type:ho3gto2g",0,0,0,19,0,24,9,8,211,0,0,0,3394,0,3394,235,0,0,0,0,0,0,3142,0,0,0,0,false
2024-06-19 13:00,"MSOFTX/Local Zone:LABEL=0, STATICAREAX=0/HO Type:holteto2g",0,0,0,0,0,0,0,0,0,0,0,0,0,0,0,0,0,0,0,0,0,0,0,0,0,0,0,false
2024-06-19 13:00,"MSOFTX/Local Zone:LABEL=0, STATICAREAX=0/HO Type:holteto3g",0,0,0,0,0,0,0,0,0,0,0,0,0,0,0,0,0,0,0,0,0,0,0,0,0,0,0,false
2024-06-19 13:00,"NEW_MSC1/Local Zone:LABEL=0, STATICAREAX=0/HO Type:ho2g",0,0,0,1,0,6,0,0,4,0,0,0,5,0,5,4,0,0,0,0,0,0,0,0,0,0,0,false
2024-06-19 13:00,"NEW_MSC1/Local Zone:LABEL=0, STATICAREAX=0/HO Type:ho3g",0,0,5,11,0,1,1,5,4,0,0,0,117,0,117,5,0,0,0,0,0,0,101,0,0,0,0,false
2024-06-19 13:00,"NEW_MSC1/Local Zone:LABEL=0, STATICAREAX=0/HO Type:ho2gto3g",0,0,0,70,0,2,1,54,60,0,0,0,1255,0,1255,80,0,0,0,0,0,0,1118,0,0,0,0,false
2024-06-19 13:00,"NEW_MSC1/Local Zone:LABEL=0, STATICAREAX=0/HO Type:ho3gto2g",0,0,0,59,0,63,40,37,445,0,0,0,8781,0,8781,534,0,0,0,0,0,0,8186,0,0,0,0,false
2024-06-19 13:00,"NEW_MSC1/Local Zone:LABEL=0, STATICAREAX=0/HO Type:holteto2g",0,0,0,0,0,0,0,0,0,0,0,0,0,0,0,0,0,0,0,0,0,0,0,0,0,0,0,false
2024-06-19 13:00,"NEW_MSC1/Local Zone:LABEL=0, STATICAREAX=0/HO Type:holteto3g",0,0,0,0,0,0,0,0,0,0,0,0,0,0,0,0,0,0,0,0,0,0,0,0,0,0,0,false
2024-06-19 13:00,"NEW_MSC3/Local Zone:LABEL=0, STATICAREAX=0/HO Type:ho2g",0,0,0,0,0,5,0,0,0,0,0,0,0,0,0,0,0,0,0,0,0,0,0,0,0,0,0,false
2024-06-19 13:00,"NEW_MSC3/Local Zone:LABEL=0, STATICAREAX=0/HO Type:ho3g",0,0,0,0,0,0,0,0,0,0,0,0,0,0,0,0,0,0,0,0,0,0,0,0,0,0,0,false
2024-06-19 13:00,"NEW_MSC3/Local Zone:LABEL=0, STATICAREAX=0/HO Type:ho2gto3g",0,0,0,20,0,1,0,16,62,0,0,0,546,0,546,68,0,0,0,0,0,0,461,0,0,0,0,false
2024-06-19 13:00,"NEW_MSC3/Local Zone:LABEL=0, STATICAREAX=0/HO Type:ho3gto2g",0,0,0,14,0,19,14,11,169,0,0,0,4068,0,4068,202,0,0,0,0,0,0,3850,0,0,0,0,false
2024-06-19 13:00,"NEW_MSC3/Local Zone:LABEL=0, STATICAREAX=0/HO Type:holteto2g",0,0,0,0,0,0,0,0,0,0,0,0,0,0,0,0,0,0,0,0,0,0,0,0,0,0,0,false
2024-06-19 13:00,"NEW_MSC3/Local Zone:LABEL=0, STATICAREAX=0/HO Type:holteto3g",0,0,0,0,0,0,0,0,0,0,0,0,0,0,0,0,0,0,0,0,0,0,0,0,0,0,0,false
2024-06-19 13:00,"vMSC3/Local Zone:LABEL=0, STATICAREAX=0/HO Type:ho2g",0,0,0,0,0,5,0,0,0,0,0,0,0,0,0,0,0,0,0,0,0,0,0,0,0,0,0,false
2024-06-19 13:00,"vMSC3/Local Zone:LABEL=0, STATICAREAX=0/HO Type:ho3g",0,0,0,0,0,0,0,0,0,0,0,0,0,0,0,0,0,0,0,0,0,0,0,0,0,0,0,false
2024-06-19 13:00,"vMSC3/Local Zone:LABEL=0, STATICAREAX=0/HO Type:ho2gto3g",0,0,0,13,0,0,0,12,9,0,0,0,306,0,306,15,0,0,0,0,0,0,280,0,0,0,0,false
2024-06-19 13:00,"vMSC3/Local Zone:LABEL=0, STATICAREAX=0/HO Type:ho3gto2g",0,0,0,12,0,18,3,4,137,0,0,0,2623,0,2623,151,0,0,0,0,0,0,2459,0,0,0,0,false
2024-06-19 13:00,"vMSC3/Local Zone:LABEL=0, STATICAREAX=0/HO Type:holteto2g",0,0,0,0,0,0,0,0,0,0,0,0,0,0,0,0,0,0,0,0,0,0,0,0,0,0,0,false
2024-06-19 13:00,"vMSC3/Local Zone:LABEL=0, STATICAREAX=0/HO Type:holteto3g",0,0,0,0,0,0,0,0,0,0,0,0,0,0,0,0,0,0,0,0,0,0,0,0,0,0,0,false
2024-06-19 14:00,"MSOFTX/Local Zone:LABEL=0, STATICAREAX=0/HO Type:ho2g",0,1,0,1,0,6,0,1,12,0,0,0,107,0,108,14,0,0,0,0,0,0,93,0,0,0,0,false
2024-06-19 14:00,"MSOFTX/Local Zone:LABEL=0, STATICAREAX=0/HO Type:ho3g",0,0,0,0,0,0,0,0,0,0,0,0,5,0,5,0,0,0,0,0,0,0,5,0,0,0,0,false
2024-06-19 14:00,"MSOFTX/Local Zone:LABEL=0, STATICAREAX=0/HO Type:ho2gto3g",0,0,0,19,0,0,0,12,24,0,0,0,572,0,572,38,0,0,0,0,0,0,520,0,0,0,0,false
2024-06-19 14:00,"MSOFTX/Local Zone:LABEL=0, STATICAREAX=0/HO Type:ho3gto2g",0,0,0,25,0,23,9,16,195,0,0,0,3417,0,3417,225,0,0,0,0,0,0,3166,0,0,0,0,false
2024-06-19 14:00,"MSOFTX/Local Zone:LABEL=0, STATICAREAX=0/HO Type:holteto2g",0,0,0,0,0,0,0,0,0,0,0,0,0,0,0,0,0,0,0,0,0,0,0,0,0,0,0,false
2024-06-19 14:00,"MSOFTX/Local Zone:LABEL=0, STATICAREAX=0/HO Type:holteto3g",0,0,0,0,0,0,0,0,0,0,0,0,0,0,0,0,0,0,0,0,0,0,0,0,0,0,0,false
2024-06-19 14:00,"NEW_MSC1/Local Zone:LABEL=0, STATICAREAX=0/HO Type:ho2g",0,0,0,0,0,5,0,0,4,0,0,0,4,0,4,4,0,0,0,0,0,0,0,0,0,0,0,false
2024-06-19 14:00,"NEW_MSC1/Local Zone:LABEL=0, STATICAREAX=0/HO Type:ho3g",0,0,7,16,0,2,1,7,11,0,0,0,178,0,178,13,0,0,0,0,0,0,150,0,0,0,0,false
2024-06-19 14:00,"NEW_MSC1/Local Zone:LABEL=0, STATICAREAX=0/HO Type:ho2gto3g",0,0,0,84,0,1,1,60,71,0,0,0,1405,0,1405,90,0,0,0,0,0,0,1250,0,0,0,0,false
2024-06-19 14:00,"NEW_MSC1/Local Zone:LABEL=0, STATICAREAX=0/HO Type:ho3gto2g",0,0,1,38,0,55,29,27,595,0,0,0,9044,0,9044,676,0,0,0,0,0,0,8329,0,0,0,0,false
2024-06-19 14:00,"NEW_MSC1/Local Zone:LABEL=0, STATICAREAX=0/HO Type:holteto2g",0,0,0,0,0,0,0,0,0,0,0,0,0,0,0,0,0,0,0,0,0,0,0,0,0,0,0,false
2024-06-19 14:00,"NEW_MSC1/Local Zone:LABEL=0, STATICAREAX=0/HO Type:holteto3g",0,0,0,0,0,0,0,0,0,0,0,0,0,0,0,0,0,0,0,0,0,0,0,0,0,0,0,false
2024-06-19 14:00,"NEW_MSC3/Local Zone:LABEL=0, STATICAREAX=0/HO Type:ho2g",0,0,0,0,0,8,0,0,0,0,0,0,0,0,0,0,0,0,0,0,0,0,0,0,0,0,0,false
2024-06-19 14:00,"NEW_MSC3/Local Zone:LABEL=0, STATICAREAX=0/HO Type:ho3g",0,0,1,1,0,0,0,0,0,0,0,0,2,0,2,0,0,0,0,0,0,0,1,0,0,0,0,false
2024-06-19 14:00,"NEW_MSC3/Local Zone:LABEL=0, STATICAREAX=0/HO Type:ho2gto3g",0,0,0,14,0,0,0,8,20,0,0,0,531,0,531,30,0,0,0,0,0,0,491,0,0,0,0,false
2024-06-19 14:00,"NEW_MSC3/Local Zone:LABEL=0, STATICAREAX=0/HO Type:ho3gto2g",0,0,0,17,0,28,15,6,183,0,0,0,4153,0,4153,218,0,0,0,0,0,0,3920,0,0,0,0,false
2024-06-19 14:00,"NEW_MSC3/Local Zone:LABEL=0, STATICAREAX=0/HO Type:holteto2g",0,0,0,0,0,0,0,0,0,0,0,0,0,0,0,0,0,0,0,0,0,0,0,0,0,0,0,false
2024-06-19 14:00,"NEW_MSC3/Local Zone:LABEL=0, STATICAREAX=0/HO Type:holteto3g",0,0,0,0,0,0,0,0,0,0,0,0,0,0,0,0,0,0,0,0,0,0,0,0,0,0,0,false
2024-06-19 14:00,"vMSC3/Local Zone:LABEL=0, STATICAREAX=0/HO Type:ho2g",0,0,0,0,0,3,0,0,0,0,0,0,0,0,0,0,0,0,0,0,0,0,0,0,0,0,0,false
2024-06-19 14:00,"vMSC3/Local Zone:LABEL=0, STATICAREAX=0/HO Type:ho3g",0,0,0,0,0,0,0,0,0,0,0,0,0,0,0,0,0,0,0,0,0,0,0,0,0,0,0,false
2024-06-19 14:00,"vMSC3/Local Zone:LABEL=0, STATICAREAX=0/HO Type:ho2gto3g",0,0,0,2,0,0,0,1,22,0,0,0,332,0,332,30,0,0,0,0,0,0,299,0,0,0,0,false
2024-06-19 14:00,"vMSC3/Local Zone:LABEL=0, STATICAREAX=0/HO Type:ho3gto2g",0,0,0,10,0,20,8,3,120,0,0,0,2775,0,2775,141,0,0,0,0,0,0,2625,0,0,0,0,false
2024-06-19 14:00,"vMSC3/Local Zone:LABEL=0, STATICAREAX=0/HO Type:holteto2g",0,0,0,0,0,0,0,0,0,0,0,0,0,0,0,0,0,0,0,0,0,0,0,0,0,0,0,false
2024-06-19 14:00,"vMSC3/Local Zone:LABEL=0, STATICAREAX=0/HO Type:holteto3g",0,0,0,0,0,0,0,0,0,0,0,0,0,0,0,0,0,0,0,0,0,0,0,0,0,0,0,false
2024-06-19 15:00,"MSOFTX/Local Zone:LABEL=0, STATICAREAX=0/HO Type:ho2g",0,0,0,0,0,6,0,0,1,0,0,0,96,0,96,5,0,0,0,0,0,0,91,0,0,0,0,false
2024-06-19 15:00,"MSOFTX/Local Zone:LABEL=0, STATICAREAX=0/HO Type:ho3g",0,0,0,0,0,0,0,0,0,0,0,0,5,0,5,0,0,0,0,0,0,0,5,0,0,0,0,false
2024-06-19 15:00,"MSOFTX/Local Zone:LABEL=0, STATICAREAX=0/HO Type:ho2gto3g",0,0,0,22,0,0,0,20,37,0,0,0,598,0,598,59,0,0,0,0,0,0,519,0,0,0,0,false
2024-06-19 15:00,"MSOFTX/Local Zone:LABEL=0, STATICAREAX=0/HO Type:ho3gto2g",0,0,0,19,0,20,10,11,190,0,0,0,3547,0,3547,214,0,0,0,0,0,0,3315,0,0,0,0,false
2024-06-19 15:00,"MSOFTX/Local Zone:LABEL=0, STATICAREAX=0/HO Type:holteto2g",0,0,0,0,0,0,0,0,0,0,0,0,0,0,0,0,0,0,0,0,0,0,0,0,0,0,0,false
2024-06-19 15:00,"MSOFTX/Local Zone:LABEL=0, STATICAREAX=0/HO Type:holteto3g",0,0,0,0,0,0,0,0,0,0,0,0,0,0,0,0,0,0,0,0,0,0,0,0,0,0,0,false
2024-06-19 15:00,"NEW_MSC1/Local Zone:LABEL=0, STATICAREAX=0/HO Type:ho2g",0,0,0,0,0,1,0,0,4,0,0,0,4,0,4,4,0,0,0,0,0,0,0,0,0,0,0,false
2024-06-19 15:00,"NEW_MSC1/Local Zone:LABEL=0, STATICAREAX=0/HO Type:ho3g",0,0,7,14,0,0,1,7,12,0,0,0,168,0,168,14,0,0,0,0,0,0,140,0,0,0,0,false
2024-06-19 15:00,"NEW_MSC1/Local Zone:LABEL=0, STATICAREAX=0/HO Type:ho2gto3g",0,0,0,78,0,2,0,62,59,0,0,0,1501,0,1501,94,0,0,0,0,0,0,1343,0,0,0,0,false
2024-06-19 15:00,"NEW_MSC1/Local Zone:LABEL=0, STATICAREAX=0/HO Type:ho3gto2g",0,0,2,40,0,56,31,22,507,0,0,0,9199,0,9199,591,0,0,0,0,0,0,8570,0,0,0,0,false
2024-06-19 15:00,"NEW_MSC1/Local Zone:LABEL=0, STATICAREAX=0/HO Type:holteto2g",0,0,0,0,0,0,0,0,0,0,0,0,0,0,0,0,0,0,0,0,0,0,0,0,0,0,0,false
2024-06-19 15:00,"NEW_MSC1/Local Zone:LABEL=0, STATICAREAX=0/HO Type:holteto3g",0,0,0,0,0,0,0,0,0,0,0,0,0,0,0,0,0,0,0,0,0,0,0,0,0,0,0,false
2024-06-19 15:00,"NEW_MSC3/Local Zone:LABEL=0, STATICAREAX=0/HO Type:ho2g",0,0,0,0,0,7,0,0,1,0,0,0,2,0,2,2,0,0,0,0,0,0,0,0,0,0,0,false
2024-06-19 15:00,"NEW_MSC3/Local Zone:LABEL=0, STATICAREAX=0/HO Type:ho3g",0,0,0,0,0,0,0,0,0,0,0,0,0,0,0,0,0,0,0,0,0,0,0,0,0,0,0,false
2024-06-19 15:00,"NEW_MSC3/Local Zone:LABEL=0, STATICAREAX=0/HO Type:ho2gto3g",0,0,0,14,0,0,0,10,10,0,0,0,446,0,446,16,0,0,0,0,0,0,417,0,0,0,0,false
2024-06-19 15:00,"NEW_MSC3/Local Zone:LABEL=0, STATICAREAX=0/HO Type:ho3gto2g",0,0,0,13,0,27,15,5,244,0,0,0,4082,0,4082,284,0,0,0,0,0,0,3785,0,0,0,0,false
2024-06-19 15:00,"NEW_MSC3/Local Zone:LABEL=0, STATICAREAX=0/HO Type:holteto2g",0,0,0,0,0,0,0,0,0,0,0,0,0,0,0,0,0,0,0,0,0,0,0,0,0,0,0,false
2024-06-19 15:00,"NEW_MSC3/Local Zone:LABEL=0, STATICAREAX=0/HO Type:holteto3g",0,0,0,0,0,0,0,0,0,0,0,0,0,0,0,0,0,0,0,0,0,0,0,0,0,0,0,false
2024-06-19 15:00,"vMSC3/Local Zone:LABEL=0, STATICAREAX=0/HO Type:ho2g",0,0,0,0,0,3,0,0,0,0,0,0,0,0,0,0,0,0,0,0,0,0,0,0,0,0,0,false
2024-06-19 15:00,"vMSC3/Local Zone:LABEL=0, STATICAREAX=0/HO Type:ho3g",0,0,0,0,0,0,0,0,0,0,0,0,0,0,0,0,0,0,0,0,0,0,0,0,0,0,0,false
2024-06-19 15:00,"vMSC3/Local Zone:LABEL=0, STATICAREAX=0/HO Type:ho2gto3g",0,0,0,6,0,0,0,5,11,0,0,0,275,0,275,12,0,0,0,0,0,0,258,0,0,0,0,false
2024-06-19 15:00,"vMSC3/Local Zone:LABEL=0, STATICAREAX=0/HO Type:ho3gto2g",0,0,0,7,0,24,5,1,120,0,0,0,2751,0,2751,145,0,0,0,0,0,0,2598,0,0,0,0,false
2024-06-19 15:00,"vMSC3/Local Zone:LABEL=0, STATICAREAX=0/HO Type:holteto2g",0,0,0,0,0,0,0,0,0,0,0,0,0,0,0,0,0,0,0,0,0,0,0,0,0,0,0,false
2024-06-19 15:00,"vMSC3/Local Zone:LABEL=0, STATICAREAX=0/HO Type:holteto3g",0,0,0,0,0,0,0,0,0,0,0,0,0,0,0,0,0,0,0,0,0,0,0,0,0,0,0,false
2024-06-19 16:00,"MSOFTX/Local Zone:LABEL=0, STATICAREAX=0/HO Type:ho2g",0,3,0,2,0,4,0,2,8,0,0,0,165,0,168,17,0,0,0,0,0,0,149,0,0,0,0,false
2024-06-19 16:00,"MSOFTX/Local Zone:LABEL=0, STATICAREAX=0/HO Type:ho3g",0,0,0,1,0,0,0,1,0,0,0,0,9,0,9,0,0,0,0,0,0,0,8,0,0,0,0,false
2024-06-19 16:00,"MSOFTX/Local Zone:LABEL=0, STATICAREAX=0/HO Type:ho2gto3g",0,0,0,37,0,0,1,28,55,0,0,0,730,0,730,69,0,0,0,0,0,0,631,0,0,0,0,false
2024-06-19 16:00,"MSOFTX/Local Zone:LABEL=0, STATICAREAX=0/HO Type:ho3gto2g",0,0,0,12,0,20,15,6,181,0,0,0,3609,0,3609,210,0,0,0,0,0,0,3387,0,0,0,0,false
2024-06-19 16:00,"MSOFTX/Local Zone:LABEL=0, STATICAREAX=0/HO Type:holteto2g",0,0,0,0,0,0,0,0,0,0,0,0,0,0,0,0,0,0,0,0,0,0,0,0,0,0,0,false
2024-06-19 16:00,"MSOFTX/Local Zone:LABEL=0, STATICAREAX=0/HO Type:holteto3g",0,0,0,0,0,0,0,0,0,0,0,0,0,0,0,0,0,0,0,0,0,0,0,0,0,0,0,false
2024-06-19 16:00,"NEW_MSC1/Local Zone:LABEL=0, STATICAREAX=0/HO Type:ho2g",0,0,0,0,0,1,0,0,2,0,0,0,2,0,2,2,0,0,0,0,0,0,0,0,0,0,0,false
2024-06-19 16:00,"NEW_MSC1/Local Zone:LABEL=0, STATICAREAX=0/HO Type:ho3g",0,0,4,10,0,0,2,5,8,0,0,0,180,0,180,10,0,0,0,0,0,0,160,0,0,0,0,false
2024-06-19 16:00,"NEW_MSC1/Local Zone:LABEL=0, STATICAREAX=0/HO Type:ho2gto3g",0,0,0,103,0,0,0,73,86,0,0,0,1599,0,1599,92,0,0,0,0,0,0,1422,0,0,0,0,false
2024-06-19 16:00,"NEW_MSC1/Local Zone:LABEL=0, STATICAREAX=0/HO Type:ho3gto2g",0,0,0,38,0,66,37,15,552,0,0,0,9608,0,9608,643,0,0,0,0,0,0,8929,0,0,0,0,false
2024-06-19 16:00,"NEW_MSC1/Local Zone:LABEL=0, STATICAREAX=0/HO Type:holteto2g",0,0,0,0,0,0,0,0,0,0,0,0,0,0,0,0,0,0,0,0,0,0,0,0,0,0,0,false
2024-06-19 16:00,"NEW_MSC1/Local Zone:LABEL=0, STATICAREAX=0/HO Type:holteto3g",0,0,0,0,0,0,0,0,0,0,0,0,0,0,0,0,0,0,0,0,0,0,0,0,0,0,0,false
2024-06-19 16:00,"NEW_MSC3/Local Zone:LABEL=0, STATICAREAX=0/HO Type:ho2g",0,0,0,0,0,10,0,0,0,0,0,0,0,0,0,0,0,0,0,0,0,0,0,0,0,0,0,false
2024-06-19 16:00,"NEW_MSC3/Local Zone:LABEL=0, STATICAREAX=0/HO Type:ho3g",0,0,0,0,0,0,0,0,0,0,0,0,0,0,0,0,0,0,0,0,0,0,0,0,0,0,0,false
2024-06-19 16:00,"NEW_MSC3/Local Zone:LABEL=0, STATICAREAX=0/HO Type:ho2gto3g",0,0,0,14,0,0,0,9,23,0,0,0,481,0,481,41,0,0,0,0,0,0,431,0,0,0,0,false
2024-06-19 16:00,"NEW_MSC3/Local Zone:LABEL=0, STATICAREAX=0/HO Type:ho3gto2g",0,0,0,17,0,31,12,9,205,0,0,0,4244,0,4244,246,0,0,0,0,0,0,3980,0,0,0,0,false
2024-06-19 16:00,"NEW_MSC3/Local Zone:LABEL=0, STATICAREAX=0/HO Type:holteto2g",0,0,0,0,0,0,0,0,0,0,0,0,0,0,0,0,0,0,0,0,0,0,0,0,0,0,0,false
2024-06-19 16:00,"NEW_MSC3/Local Zone:LABEL=0, STATICAREAX=0/HO Type:holteto3g",0,0,0,0,0,0,0,0,0,0,0,0,0,0,0,0,0,0,0,0,0,0,0,0,0,0,0,false
2024-06-19 16:00,"vMSC3/Local Zone:LABEL=0, STATICAREAX=0/HO Type:ho2g",0,0,0,0,0,1,0,0,1,0,0,0,1,0,1,1,0,0,0,0,0,0,0,0,0,0,0,false
2024-06-19 16:00,"vMSC3/Local Zone:LABEL=0, STATICAREAX=0/HO Type:ho3g",0,0,0,0,0,0,0,0,0,0,0,0,0,0,0,0,0,0,0,0,0,0,0,0,0,0,0,false
2024-06-19 16:00,"vMSC3/Local Zone:LABEL=0, STATICAREAX=0/HO Type:ho2gto3g",0,0,1,14,0,0,0,10,16,0,0,0,338,0,338,32,0,0,0,0,0,0,295,0,0,0,0,false
2024-06-19 16:00,"vMSC3/Local Zone:LABEL=0, STATICAREAX=0/HO Type:ho3gto2g",0,0,0,13,0,23,10,2,118,0,0,0,2779,0,2779,148,0,0,0,0,0,0,2617,0,0,0,0,false
2024-06-19 16:00,"vMSC3/Local Zone:LABEL=0, STATICAREAX=0/HO Type:holteto2g",0,0,0,0,0,0,0,0,0,0,0,0,0,0,0,0,0,0,0,0,0,0,0,0,0,0,0,false
2024-06-19 16:00,"vMSC3/Local Zone:LABEL=0, STATICAREAX=0/HO Type:holteto3g",0,0,0,0,0,0,0,0,0,0,0,0,0,0,0,0,0,0,0,0,0,0,0,0,0,0,0,false
2024-06-19 17:00,"MSOFTX/Local Zone:LABEL=0, STATICAREAX=0/HO Type:ho2g",0,9,0,0,0,4,0,0,4,0,0,0,179,0,188,29,0,0,0,0,0,0,157,0,0,0,0,false
2024-06-19 17:00,"MSOFTX/Local Zone:LABEL=0, STATICAREAX=0/HO Type:ho3g",0,0,0,0,0,0,0,0,2,0,0,0,6,0,6,2,0,0,0,0,0,0,4,0,0,0,0,false
2024-06-19 17:00,"MSOFTX/Local Zone:LABEL=0, STATICAREAX=0/HO Type:ho2gto3g",0,0,0,44,0,1,0,36,42,0,0,0,770,0,770,68,0,0,0,0,0,0,660,0,0,0,0,false
2024-06-19 17:00,"MSOFTX/Local Zone:LABEL=0, STATICAREAX=0/HO Type:ho3gto2g",0,0,0,15,0,22,16,11,209,0,0,0,4051,0,4051,247,0,0,0,0,0,0,3789,0,0,0,0,false
2024-06-19 17:00,"MSOFTX/Local Zone:LABEL=0, STATICAREAX=0/HO Type:holteto2g",0,0,0,0,0,0,0,0,0,0,0,0,0,0,0,0,0,0,0,0,0,0,0,0,0,0,0,false
2024-06-19 17:00,"MSOFTX/Local Zone:LABEL=0, STATICAREAX=0/HO Type:holteto3g",0,0,0,0,0,0,0,0,0,0,0,0,0,0,0,0,0,0,0,0,0,0,0,0,0,0,0,false
2024-06-19 17:00,"NEW_MSC1/Local Zone:LABEL=0, STATICAREAX=0/HO Type:ho2g",0,0,0,0,0,4,0,0,7,0,0,0,7,0,7,7,0,0,0,0,0,0,0,0,0,0,0,false
2024-06-19 17:00,"NEW_MSC1/Local Zone:LABEL=0, STATICAREAX=0/HO Type:ho3g",0,0,8,13,0,1,1,4,10,0,0,0,181,0,181,11,0,0,0,0,0,0,157,0,0,0,0,false
2024-06-19 17:00,"NEW_MSC1/Local Zone:LABEL=0, STATICAREAX=0/HO Type:ho2gto3g",0,0,0,101,0,0,0,80,119,0,0,0,1803,0,1803,153,0,0,0,0,0,0,1563,0,0,0,0,false
2024-06-19 17:00,"NEW_MSC1/Local Zone:LABEL=0, STATICAREAX=0/HO Type:ho3gto2g",0,0,0,43,0,77,44,18,673,0,0,0,11278,0,11278,781,0,0,0,0,0,0,10453,0,0,0,0,false
2024-06-19 17:00,"NEW_MSC1/Local Zone:LABEL=0, STATICAREAX=0/HO Type:holteto2g",0,0,0,0,0,0,0,0,0,0,0,0,0,0,0,0,0,0,0,0,0,0,0,0,0,0,0,false
2024-06-19 17:00,"NEW_MSC1/Local Zone:LABEL=0, STATICAREAX=0/HO Type:holteto3g",0,0,0,0,0,0,0,0,0,0,0,0,0,0,0,0,0,0,0,0,0,0,0,0,0,0,0,false
2024-06-19 17:00,"NEW_MSC3/Local Zone:LABEL=0, STATICAREAX=0/HO Type:ho2g",0,0,0,1,0,4,0,1,3,0,0,0,4,0,4,3,0,0,0,0,0,0,0,0,0,0,0,false
2024-06-19 17:00,"NEW_MSC3/Local Zone:LABEL=0, STATICAREAX=0/HO Type:ho3g",0,0,1,1,0,0,0,0,0,0,0,0,3,0,3,0,0,0,0,0,0,0,2,0,0,0,0,false
2024-06-19 17:00,"NEW_MSC3/Local Zone:LABEL=0, STATICAREAX=0/HO Type:ho2gto3g",0,0,0,22,0,2,0,13,40,0,0,0,581,0,581,49,0,0,0,0,0,0,515,0,0,0,0,false
2024-06-19 17:00,"NEW_MSC3/Local Zone:LABEL=0, STATICAREAX=0/HO Type:ho3gto2g",0,0,1,30,0,54,14,11,262,0,0,0,5810,0,5810,326,0,0,0,0,0,0,5455,0,0,0,0,false
2024-06-19 17:00,"NEW_MSC3/Local Zone:LABEL=0, STATICAREAX=0/HO Type:holteto2g",0,0,0,0,0,0,0,0,0,0,0,0,0,0,0,0,0,0,0,0,0,0,0,0,0,0,0,false
2024-06-19 17:00,"NEW_MSC3/Local Zone:LABEL=0, STATICAREAX=0/HO Type:holteto3g",0,0,0,0,0,0,0,0,0,0,0,0,0,0,0,0,0,0,0,0,0,0,0,0,0,0,0,false
2024-06-19 17:00,"vMSC3/Local Zone:LABEL=0, STATICAREAX=0/HO Type:ho2g",0,0,0,0,0,1,0,0,2,0,0,0,3,0,3,3,0,0,0,0,0,0,0,0,0,0,0,false
2024-06-19 17:00,"vMSC3/Local Zone:LABEL=0, STATICAREAX=0/HO Type:ho3g",0,0,0,0,0,0,0,0,0,0,0,0,10,0,10,0,0,0,0,0,0,0,10,0,0,0,0,false
2024-06-19 17:00,"vMSC3/Local Zone:LABEL=0, STATICAREAX=0/HO Type:ho2gto3g",0,0,0,15,0,0,0,11,11,0,0,0,361,0,361,22,0,0,0,0,0,0,328,0,0,0,0,false
2024-06-19 17:00,"vMSC3/Local Zone:LABEL=0, STATICAREAX=0/HO Type:ho3gto2g",0,0,0,17,0,28,12,2,184,0,0,0,3647,0,3647,215,0,0,0,0,0,0,3416,0,0,0,0,false
2024-06-19 17:00,"vMSC3/Local Zone:LABEL=0, STATICAREAX=0/HO Type:holteto2g",0,0,0,0,0,0,0,0,0,0,0,0,0,0,0,0,0,0,0,0,0,0,0,0,0,0,0,false
2024-06-19 17:00,"vMSC3/Local Zone:LABEL=0, STATICAREAX=0/HO Type:holteto3g",0,0,0,0,0,0,0,0,0,0,0,0,0,0,0,0,0,0,0,0,0,0,0,0,0,0,0,false
2024-06-19 18:00,"MSOFTX/Local Zone:LABEL=0, STATICAREAX=0/HO Type:ho2g",0,14,0,1,0,2,0,1,2,0,0,0,148,0,162,18,0,0,0,0,0,0,139,0,0,0,0,false
2024-06-19 18:00,"MSOFTX/Local Zone:LABEL=0, STATICAREAX=0/HO Type:ho3g",0,0,0,0,0,0,0,0,0,0,0,0,9,0,9,0,0,0,0,0,0,0,9,0,0,0,0,false
2024-06-19 18:00,"MSOFTX/Local Zone:LABEL=0, STATICAREAX=0/HO Type:ho2gto3g",0,0,0,53,0,0,0,41,75,0,0,0,1158,0,1158,137,0,0,0,0,0,0,980,0,0,0,0,false
2024-06-19 18:00,"MSOFTX/Local Zone:LABEL=0, STATICAREAX=0/HO Type:ho3gto2g",0,0,0,29,0,44,29,16,348,0,0,0,5395,0,5395,422,0,0,0,0,0,0,4941,0,0,0,0,false
2024-06-19 18:00,"MSOFTX/Local Zone:LABEL=0, STATICAREAX=0/HO Type:holteto2g",0,0,0,0,0,0,0,0,0,0,0,0,0,0,0,0,0,0,0,0,0,0,0,0,0,0,0,false
2024-06-19 18:00,"MSOFTX/Local Zone:LABEL=0, STATICAREAX=0/HO Type:holteto3g",0,0,0,0,0,0,0,0,0,0,0,0,0,0,0,0,0,0,0,0,0,0,0,0,0,0,0,false
2024-06-19 18:00,"NEW_MSC1/Local Zone:LABEL=0, STATICAREAX=0/HO Type:ho2g",0,0,0,1,0,4,0,1,7,0,0,0,8,0,8,7,0,0,0,0,0,0,0,0,0,0,0,false
2024-06-19 18:00,"NEW_MSC1/Local Zone:LABEL=0, STATICAREAX=0/HO Type:ho3g",0,0,11,19,0,0,2,8,14,0,0,0,212,0,212,17,0,0,0,0,0,0,176,0,0,0,0,false
2024-06-19 18:00,"NEW_MSC1/Local Zone:LABEL=0, STATICAREAX=0/HO Type:ho2gto3g",0,0,0,200,0,2,0,154,103,0,0,0,2672,0,2672,160,0,0,0,0,0,0,2340,0,0,0,0,false
2024-06-19 18:00,"NEW_MSC1/Local Zone:LABEL=0, STATICAREAX=0/HO Type:ho3gto2g",0,0,0,80,0,131,66,34,1326,0,0,0,16245,0,16245,1499,0,0,0,0,0,0,14662,0,0,0,0,false
2024-06-19 18:00,"NEW_MSC1/Local Zone:LABEL=0, STATICAREAX=0/HO Type:holteto2g",0,0,0,0,0,0,0,0,0,0,0,0,0,0,0,0,0,0,0,0,0,0,0,0,0,0,0,false
2024-06-19 18:00,"NEW_MSC1/Local Zone:LABEL=0, STATICAREAX=0/HO Type:holteto3g",0,0,0,0,0,0,0,0,0,0,0,0,0,0,0,0,0,0,0,0,0,0,0,0,0,0,0,false
2024-06-19 18:00,"NEW_MSC3/Local Zone:LABEL=0, STATICAREAX=0/HO Type:ho2g",0,0,0,0,0,3,0,0,3,0,0,0,3,0,3,3,0,0,0,0,0,0,0,0,0,0,0,false
2024-06-19 18:00,"NEW_MSC3/Local Zone:LABEL=0, STATICAREAX=0/HO Type:ho3g",0,0,0,0,0,0,0,0,0,0,0,0,0,0,0,0,0,0,0,0,0,0,0,0,0,0,0,false
2024-06-19 18:00,"NEW_MSC3/Local Zone:LABEL=0, STATICAREAX=0/HO Type:ho2gto3g",0,0,0,57,0,1,0,43,45,0,0,0,755,0,755,66,0,0,0,0,0,0,644,0,0,0,0,false
2024-06-19 18:00,"NEW_MSC3/Local Zone:LABEL=0, STATICAREAX=0/HO Type:ho3gto2g",0,0,1,33,0,76,34,8,608,0,0,0,7752,0,7752,704,0,0,0,0,0,0,7013,0,0,0,0,false
2024-06-19 18:00,"NEW_MSC3/Local Zone:LABEL=0, STATICAREAX=0/HO Type:holteto2g",0,0,0,0,0,0,0,0,0,0,0,0,0,0,0,0,0,0,0,0,0,0,0,0,0,0,0,false
2024-06-19 18:00,"NEW_MSC3/Local Zone:LABEL=0, STATICAREAX=0/HO Type:holteto3g",0,0,0,0,0,0,0,0,0,0,0,0,0,0,0,0,0,0,0,0,0,0,0,0,0,0,0,false
2024-06-19 18:00,"vMSC3/Local Zone:LABEL=0, STATICAREAX=0/HO Type:ho2g",0,0,0,0,0,3,0,0,2,0,0,0,2,0,2,2,0,0,0,0,0,0,0,0,0,0,0,false
2024-06-19 18:00,"vMSC3/Local Zone:LABEL=0, STATICAREAX=0/HO Type:ho3g",0,0,0,0,0,0,0,0,0,0,0,0,0,0,0,0,0,0,0,0,0,0,0,0,0,0,0,false
2024-06-19 18:00,"vMSC3/Local Zone:LABEL=0, STATICAREAX=0/HO Type:ho2gto3g",0,0,0,28,0,0,0,25,16,0,0,0,542,0,542,29,0,0,0,0,0,0,486,0,0,0,0,false
2024-06-19 18:00,"vMSC3/Local Zone:LABEL=0, STATICAREAX=0/HO Type:ho3gto2g",0,0,0,23,0,39,12,7,304,0,0,0,4950,0,4950,348,0,0,0,0,0,0,4580,0,0,0,0,false
2024-06-19 18:00,"vMSC3/Local Zone:LABEL=0, STATICAREAX=0/HO Type:holteto2g",0,0,0,0,0,0,0,0,0,0,0,0,0,0,0,0,0,0,0,0,0,0,0,0,0,0,0,false
2024-06-19 18:00,"vMSC3/Local Zone:LABEL=0, STATICAREAX=0/HO Type:holteto3g",0,0,0,0,0,0,0,0,0,0,0,0,0,0,0,0,0,0,0,0,0,0,0,0,0,0,0,false
2024-06-19 19:00,"MSOFTX/Local Zone:LABEL=0, STATICAREAX=0/HO Type:ho2g",0,2,0,0,0,2,0,0,5,0,0,0,119,0,121,15,0,0,0,0,0,0,106,0,0,0,0,false
2024-06-19 19:00,"MSOFTX/Local Zone:LABEL=0, STATICAREAX=0/HO Type:ho3g",0,0,0,0,0,0,0,0,1,0,0,0,4,0,4,1,0,0,0,0,0,0,3,0,0,0,0,false
2024-06-19 19:00,"MSOFTX/Local Zone:LABEL=0, STATICAREAX=0/HO Type:ho2gto3g",0,0,0,38,0,0,0,24,54,0,0,0,1027,0,1027,71,0,0,0,0,0,0,929,0,0,0,0,false
2024-06-19 19:00,"MSOFTX/Local Zone:LABEL=0, STATICAREAX=0/HO Type:ho3gto2g",0,0,0,25,0,46,18,11,329,0,0,0,4798,0,4798,385,0,0,0,0,0,0,4393,0,0,0,0,false
2024-06-19 19:00,"MSOFTX/Local Zone:LABEL=0, STATICAREAX=0/HO Type:holteto2g",0,0,0,0,0,0,0,0,0,0,0,0,0,0,0,0,0,0,0,0,0,0,0,0,0,0,0,false
2024-06-19 19:00,"MSOFTX/Local Zone:LABEL=0, STATICAREAX=0/HO Type:holteto3g",0,0,0,0,0,0,0,0,0,0,0,0,0,0,0,0,0,0,0,0,0,0,0,0,0,0,0,false
2024-06-19 19:00,"NEW_MSC1/Local Zone:LABEL=0, STATICAREAX=0/HO Type:ho2g",0,0,0,0,0,4,0,0,4,0,0,0,4,0,4,4,0,0,0,0,0,0,0,0,0,0,0,false
2024-06-19 19:00,"NEW_MSC1/Local Zone:LABEL=0, STATICAREAX=0/HO Type:ho3g",0,0,10,22,0,1,0,11,11,0,0,0,162,0,162,11,0,0,0,0,0,0,129,0,0,0,0,false
2024-06-19 19:00,"NEW_MSC1/Local Zone:LABEL=0, STATICAREAX=0/HO Type:ho2gto3g",0,0,0,220,0,3,0,148,119,0,0,0,2459,0,2459,176,0,0,0,0,0,0,2111,0,0,0,0,false
2024-06-19 19:00,"NEW_MSC1/Local Zone:LABEL=0, STATICAREAX=0/HO Type:ho3gto2g",0,0,0,85,0,137,48,43,1242,0,0,0,15002,0,15002,1412,0,0,0,0,0,0,13507,0,0,0,0,false
2024-06-19 19:00,"NEW_MSC1/Local Zone:LABEL=0, STATICAREAX=0/HO Type:holteto2g",0,0,0,0,0,0,0,0,0,0,0,0,0,0,0,0,0,0,0,0,0,0,0,0,0,0,0,false
2024-06-19 19:00,"NEW_MSC1/Local Zone:LABEL=0, STATICAREAX=0/HO Type:holteto3g",0,0,0,0,0,0,0,0,0,0,0,0,0,0,0,0,0,0,0,0,0,0,0,0,0,0,0,false
2024-06-19 19:00,"NEW_MSC3/Local Zone:LABEL=0, STATICAREAX=0/HO Type:ho2g",0,0,0,0,0,6,0,0,1,0,0,0,1,0,1,1,0,0,0,0,0,0,0,0,0,0,0,false
2024-06-19 19:00,"NEW_MSC3/Local Zone:LABEL=0, STATICAREAX=0/HO Type:ho3g",0,0,0,0,0,0,0,0,3,0,0,0,24,0,24,3,0,0,0,0,0,0,21,0,0,0,0,false
2024-06-19 19:00,"NEW_MSC3/Local Zone:LABEL=0, STATICAREAX=0/HO Type:ho2gto3g",0,0,0,30,0,0,0,22,36,0,0,0,680,0,680,53,0,0,0,0,0,0,604,0,0,0,0,false
2024-06-19 19:00,"NEW_MSC3/Local Zone:LABEL=0, STATICAREAX=0/HO Type:ho3gto2g",0,0,0,41,0,58,20,20,475,0,0,0,6458,0,6458,544,0,0,0,0,0,0,5871,0,0,0,0,false
2024-06-19 19:00,"NEW_MSC3/Local Zone:LABEL=0, STATICAREAX=0/HO Type:holteto2g",0,0,0,0,0,0,0,0,0,0,0,0,0,0,0,0,0,0,0,0,0,0,0,0,0,0,0,false
2024-06-19 19:00,"NEW_MSC3/Local Zone:LABEL=0, STATICAREAX=0/HO Type:holteto3g",0,0,0,0,0,0,0,0,0,0,0,0,0,0,0,0,0,0,0,0,0,0,0,0,0,0,0,false
2024-06-19 19:00,"vMSC3/Local Zone:LABEL=0, STATICAREAX=0/HO Type:ho2g",0,0,0,0,0,4,0,0,0,0,0,0,0,0,0,0,0,0,0,0,0,0,0,0,0,0,0,false
2024-06-19 19:00,"vMSC3/Local Zone:LABEL=0, STATICAREAX=0/HO Type:ho3g",0,0,0,0,0,0,0,0,0,0,0,0,0,0,0,0,0,0,0,0,0,0,0,0,0,0,0,false
2024-06-19 19:00,"vMSC3/Local Zone:LABEL=0, STATICAREAX=0/HO Type:ho2gto3g",0,0,0,23,0,0,0,17,16,0,0,0,583,0,583,29,0,0,0,0,0,0,535,0,0,0,0,false
2024-06-19 19:00,"vMSC3/Local Zone:LABEL=0, STATICAREAX=0/HO Type:ho3gto2g",0,0,0,23,0,32,16,8,264,0,0,0,4280,0,4280,302,0,0,0,0,0,0,3956,0,0,0,0,false
2024-06-19 19:00,"vMSC3/Local Zone:LABEL=0, STATICAREAX=0/HO Type:holteto2g",0,0,0,0,0,0,0,0,0,0,0,0,0,0,0,0,0,0,0,0,0,0,0,0,0,0,0,false
2024-06-19 19:00,"vMSC3/Local Zone:LABEL=0, STATICAREAX=0/HO Type:holteto3g",0,0,0,0,0,0,0,0,0,0,0,0,0,0,0,0,0,0,0,0,0,0,0,0,0,0,0,false
2024-06-19 20:00,"MSOFTX/Local Zone:LABEL=0, STATICAREAX=0/HO Type:ho2g",0,1,0,0,0,2,0,0,1,0,0,0,55,0,56,6,0,0,0,0,0,0,50,0,0,0,0,false
2024-06-19 20:00,"MSOFTX/Local Zone:LABEL=0, STATICAREAX=0/HO Type:ho3g",0,0,0,1,0,0,0,1,0,0,0,0,3,0,3,0,0,0,0,0,0,0,2,0,0,0,0,false
2024-06-19 20:00,"MSOFTX/Local Zone:LABEL=0, STATICAREAX=0/HO Type:ho2gto3g",0,0,0,43,0,0,0,24,68,0,0,0,867,0,867,87,0,0,0,0,0,0,745,0,0,0,0,false
2024-06-19 20:00,"MSOFTX/Local Zone:LABEL=0, STATICAREAX=0/HO Type:ho3gto2g",0,0,0,13,0,27,10,5,305,0,0,0,3583,0,3583,337,0,0,0,0,0,0,3229,0,0,0,0,false
2024-06-19 20:00,"MSOFTX/Local Zone:LABEL=0, STATICAREAX=0/HO Type:holteto2g",0,0,0,0,0,0,0,0,0,0,0,0,0,0,0,0,0,0,0,0,0,0,0,0,0,0,0,false
2024-06-19 20:00,"MSOFTX/Local Zone:LABEL=0, STATICAREAX=0/HO Type:holteto3g",0,0,0,0,0,0,0,0,0,0,0,0,0,0,0,0,0,0,0,0,0,0,0,0,0,0,0,false
2024-06-19 20:00,"NEW_MSC1/Local Zone:LABEL=0, STATICAREAX=0/HO Type:ho2g",0,0,0,0,0,1,0,0,7,0,0,0,7,0,7,7,0,0,0,0,0,0,0,0,0,0,0,false
2024-06-19 20:00,"NEW_MSC1/Local Zone:LABEL=0, STATICAREAX=0/HO Type:ho3g",0,0,9,18,0,1,1,10,9,0,0,0,157,0,157,12,0,0,0,0,0,0,127,0,0,0,0,false
2024-06-19 20:00,"NEW_MSC1/Local Zone:LABEL=0, STATICAREAX=0/HO Type:ho2gto3g",0,0,0,121,0,1,0,75,95,0,0,0,1924,0,1924,130,0,0,0,0,0,0,1703,0,0,0,0,false
2024-06-19 20:00,"NEW_MSC1/Local Zone:LABEL=0, STATICAREAX=0/HO Type:ho3gto2g",0,0,0,63,0,72,49,34,652,0,0,0,11203,0,11203,759,0,0,0,0,0,0,10385,0,0,0,0,false
2024-06-19 20:00,"NEW_MSC1/Local Zone:LABEL=0, STATICAREAX=0/HO Type:holteto2g",0,0,0,0,0,0,0,0,0,0,0,0,0,0,0,0,0,0,0,0,0,0,0,0,0,0,0,false
2024-06-19 20:00,"NEW_MSC1/Local Zone:LABEL=0, STATICAREAX=0/HO Type:holteto3g",0,0,0,0,0,0,0,0,0,0,0,0,0,0,0,0,0,0,0,0,0,0,0,0,0,0,0,false
2024-06-19 20:00,"NEW_MSC3/Local Zone:LABEL=0, STATICAREAX=0/HO Type:ho2g",0,0,0,0,0,3,0,0,0,0,0,0,0,0,0,0,0,0,0,0,0,0,0,0,0,0,0,false
2024-06-19 20:00,"NEW_MSC3/Local Zone:LABEL=0, STATICAREAX=0/HO Type:ho3g",0,0,0,0,0,0,0,0,0,0,0,0,1,0,1,0,0,0,0,0,0,0,1,0,0,0,0,false
2024-06-19 20:00,"NEW_MSC3/Local Zone:LABEL=0, STATICAREAX=0/HO Type:ho2gto3g",0,0,0,24,0,0,0,17,21,0,0,0,559,0,559,39,0,0,0,0,0,0,499,0,0,0,0,false
2024-06-19 20:00,"NEW_MSC3/Local Zone:LABEL=0, STATICAREAX=0/HO Type:ho3gto2g",0,0,2,26,0,38,19,11,240,0,0,0,4333,0,4333,291,0,0,0,0,0,0,4021,0,0,0,0,false
2024-06-19 20:00,"NEW_MSC3/Local Zone:LABEL=0, STATICAREAX=0/HO Type:holteto2g",0,0,0,0,0,0,0,0,0,0,0,0,0,0,0,0,0,0,0,0,0,0,0,0,0,0,0,false
2024-06-19 20:00,"NEW_MSC3/Local Zone:LABEL=0, STATICAREAX=0/HO Type:holteto3g",0,0,0,0,0,0,0,0,0,0,0,0,0,0,0,0,0,0,0,0,0,0,0,0,0,0,0,false
2024-06-19 20:00,"vMSC3/Local Zone:LABEL=0, STATICAREAX=0/HO Type:ho2g",0,0,0,0,0,1,0,0,0,0,0,0,0,0,0,0,0,0,0,0,0,0,0,0,0,0,0,false
2024-06-19 20:00,"vMSC3/Local Zone:LABEL=0, STATICAREAX=0/HO Type:ho3g",0,0,0,0,0,0,0,0,0,0,0,0,3,0,3,0,0,0,0,0,0,0,3,0,0,0,0,false
2024-06-19 20:00,"vMSC3/Local Zone:LABEL=0, STATICAREAX=0/HO Type:ho2gto3g",0,0,0,29,0,1,0,16,7,0,0,0,448,0,448,10,0,0,0,0,0,0,418,0,0,0,0,false
2024-06-19 20:00,"vMSC3/Local Zone:LABEL=0, STATICAREAX=0/HO Type:ho3gto2g",0,0,0,15,0,26,7,6,150,0,0,0,2837,0,2837,177,0,0,0,0,0,0,2647,0,0,0,0,false
2024-06-19 20:00,"vMSC3/Local Zone:LABEL=0, STATICAREAX=0/HO Type:holteto2g",0,0,0,0,0,0,0,0,0,0,0,0,0,0,0,0,0,0,0,0,0,0,0,0,0,0,0,false
2024-06-19 20:00,"vMSC3/Local Zone:LABEL=0, STATICAREAX=0/HO Type:holteto3g",0,0,0,0,0,0,0,0,0,0,0,0,0,0,0,0,0,0,0,0,0,0,0,0,0,0,0,false
2024-06-19 21:00,"MSOFTX/Local Zone:LABEL=0, STATICAREAX=0/HO Type:ho2g",0,0,0,0,0,1,0,0,0,0,0,0,28,0,28,0,0,0,0,0,0,0,28,0,0,0,0,false
2024-06-19 21:00,"MSOFTX/Local Zone:LABEL=0, STATICAREAX=0/HO Type:ho3g",0,0,0,0,0,0,0,0,0,0,0,0,1,0,1,0,0,0,0,0,0,0,1,0,0,0,0,false
2024-06-19 21:00,"MSOFTX/Local Zone:LABEL=0, STATICAREAX=0/HO Type:ho2gto3g",0,0,0,19,0,0,0,12,28,0,0,0,523,0,523,36,0,0,0,0,0,0,473,0,0,0,0,false
2024-06-19 21:00,"MSOFTX/Local Zone:LABEL=0, STATICAREAX=0/HO Type:ho3gto2g",0,0,0,14,0,12,8,6,141,0,0,0,1869,0,1869,157,0,0,0,0,0,0,1701,0,0,0,0,false
2024-06-19 21:00,"MSOFTX/Local Zone:LABEL=0, STATICAREAX=0/HO Type:holteto2g",0,0,0,0,0,0,0,0,0,0,0,0,0,0,0,0,0,0,0,0,0,0,0,0,0,0,0,false
2024-06-19 21:00,"MSOFTX/Local Zone:LABEL=0, STATICAREAX=0/HO Type:holteto3g",0,0,0,0,0,0,0,0,0,0,0,0,0,0,0,0,0,0,0,0,0,0,0,0,0,0,0,false
2024-06-19 21:00,"NEW_MSC1/Local Zone:LABEL=0, STATICAREAX=0/HO Type:ho2g",0,0,0,0,0,3,0,0,0,0,0,0,0,0,0,0,0,0,0,0,0,0,0,0,0,0,0,false
2024-06-19 21:00,"NEW_MSC1/Local Zone:LABEL=0, STATICAREAX=0/HO Type:ho3g",0,0,2,7,0,0,0,5,2,0,0,0,87,0,87,2,0,0,0,0,0,0,78,0,0,0,0,false
2024-06-19 21:00,"NEW_MSC1/Local Zone:LABEL=0, STATICAREAX=0/HO Type:ho2gto3g",0,0,0,66,0,3,1,38,50,0,0,0,1267,0,1267,70,0,0,0,0,0,0,1152,0,0,0,0,false
2024-06-19 21:00,"NEW_MSC1/Local Zone:LABEL=0, STATICAREAX=0/HO Type:ho3gto2g",0,0,0,31,0,40,24,15,411,0,0,0,6396,0,6396,465,0,0,0,0,0,0,5903,0,0,0,0,false
2024-06-19 21:00,"NEW_MSC1/Local Zone:LABEL=0, STATICAREAX=0/HO Type:holteto2g",0,0,0,0,0,0,0,0,0,0,0,0,0,0,0,0,0,0,0,0,0,0,0,0,0,0,0,false
2024-06-19 21:00,"NEW_MSC1/Local Zone:LABEL=0, STATICAREAX=0/HO Type:holteto3g",0,0,0,0,0,0,0,0,0,0,0,0,0,0,0,0,0,0,0,0,0,0,0,0,0,0,0,false
2024-06-19 21:00,"NEW_MSC3/Local Zone:LABEL=0, STATICAREAX=0/HO Type:ho2g",0,0,0,0,0,2,0,0,3,0,0,0,3,0,3,3,0,0,0,0,0,0,0,0,0,0,0,false
2024-06-19 21:00,"NEW_MSC3/Local Zone:LABEL=0, STATICAREAX=0/HO Type:ho3g",0,0,0,0,0,0,0,0,0,0,0,0,0,0,0,0,0,0,0,0,0,0,0,0,0,0,0,false
2024-06-19 21:00,"NEW_MSC3/Local Zone:LABEL=0, STATICAREAX=0/HO Type:ho2gto3g",0,0,0,12,0,1,0,7,6,0,0,0,415,0,415,12,0,0,0,0,0,0,393,0,0,0,0,false
2024-06-19 21:00,"NEW_MSC3/Local Zone:LABEL=0, STATICAREAX=0/HO Type:ho3gto2g",0,0,0,9,0,11,6,4,89,0,0,0,1982,0,1982,103,0,0,0,0,0,0,1871,0,0,0,0,false
2024-06-19 21:00,"NEW_MSC3/Local Zone:LABEL=0, STATICAREAX=0/HO Type:holteto2g",0,0,0,0,0,0,0,0,0,0,0,0,0,0,0,0,0,0,0,0,0,0,0,0,0,0,0,false
2024-06-19 21:00,"NEW_MSC3/Local Zone:LABEL=0, STATICAREAX=0/HO Type:holteto3g",0,0,0,0,0,0,0,0,0,0,0,0,0,0,0,0,0,0,0,0,0,0,0,0,0,0,0,false
2024-06-19 21:00,"vMSC3/Local Zone:LABEL=0, STATICAREAX=0/HO Type:ho2g",0,0,0,0,0,2,0,0,0,0,0,0,0,0,0,0,0,0,0,0,0,0,0,0,0,0,0,false
2024-06-19 21:00,"vMSC3/Local Zone:LABEL=0, STATICAREAX=0/HO Type:ho3g",0,0,0,0,0,0,0,0,0,0,0,0,0,0,0,0,0,0,0,0,0,0,0,0,0,0,0,false
2024-06-19 21:00,"vMSC3/Local Zone:LABEL=0, STATICAREAX=0/HO Type:ho2gto3g",0,0,0,5,0,0,0,2,5,0,0,0,212,0,212,8,0,0,0,0,0,0,202,0,0,0,0,false
2024-06-19 21:00,"vMSC3/Local Zone:LABEL=0, STATICAREAX=0/HO Type:ho3gto2g",0,0,1,4,0,7,7,2,58,0,0,0,1374,0,1374,72,0,0,0,0,0,0,1299,0,0,0,0,false
2024-06-19 21:00,"vMSC3/Local Zone:LABEL=0, STATICAREAX=0/HO Type:holteto2g",0,0,0,0,0,0,0,0,0,0,0,0,0,0,0,0,0,0,0,0,0,0,0,0,0,0,0,false
2024-06-19 21:00,"vMSC3/Local Zone:LABEL=0, STATICAREAX=0/HO Type:holteto3g",0,0,0,0,0,0,0,0,0,0,0,0,0,0,0,0,0,0,0,0,0,0,0,0,0,0,0,false
2024-06-19 22:00,"MSOFTX/Local Zone:LABEL=0, STATICAREAX=0/HO Type:ho2g",0,0,0,0,0,1,0,0,0,0,0,0,5,0,5,0,0,0,0,0,0,0,5,0,0,0,0,false
2024-06-19 22:00,"MSOFTX/Local Zone:LABEL=0, STATICAREAX=0/HO Type:ho3g",0,0,0,0,0,0,0,0,0,0,0,0,0,0,0,0,0,0,0,0,0,0,0,0,0,0,0,false
2024-06-19 22:00,"MSOFTX/Local Zone:LABEL=0, STATICAREAX=0/HO Type:ho2gto3g",0,0,0,7,0,0,0,6,13,0,0,0,239,0,239,15,0,0,0,0,0,0,219,0,0,0,0,false
2024-06-19 22:00,"MSOFTX/Local Zone:LABEL=0, STATICAREAX=0/HO Type:ho3gto2g",0,0,0,5,0,6,4,2,26,0,0,0,658,0,658,34,0,0,0,0,0,0,620,0,0,0,0,false
2024-06-19 22:00,"MSOFTX/Local Zone:LABEL=0, STATICAREAX=0/HO Type:holteto2g",0,0,0,0,0,0,0,0,0,0,0,0,0,0,0,0,0,0,0,0,0,0,0,0,0,0,0,false
2024-06-19 22:00,"MSOFTX/Local Zone:LABEL=0, STATICAREAX=0/HO Type:holteto3g",0,0,0,0,0,0,0,0,0,0,0,0,0,0,0,0,0,0,0,0,0,0,0,0,0,0,0,false
2024-06-19 22:00,"NEW_MSC1/Local Zone:LABEL=0, STATICAREAX=0/HO Type:ho2g",0,0,0,0,0,0,0,0,0,0,0,0,0,0,0,0,0,0,0,0,0,0,0,0,0,0,0,false
2024-06-19 22:00,"NEW_MSC1/Local Zone:LABEL=0, STATICAREAX=0/HO Type:ho3g",0,0,0,1,0,0,0,1,2,0,0,0,19,0,19,2,0,0,0,0,0,0,16,0,0,0,0,false
2024-06-19 22:00,"NEW_MSC1/Local Zone:LABEL=0, STATICAREAX=0/HO Type:ho2gto3g",0,0,0,18,0,0,0,11,73,0,0,0,504,0,504,81,0,0,0,0,0,0,412,0,0,0,0,false
2024-06-19 22:00,"NEW_MSC1/Local Zone:LABEL=0, STATICAREAX=0/HO Type:ho3gto2g",0,0,0,12,0,7,9,10,88,0,0,0,2131,0,2131,105,0,0,0,0,0,0,2015,0,0,0,0,false
2024-06-19 22:00,"NEW_MSC1/Local Zone:LABEL=0, STATICAREAX=0/HO Type:holteto2g",0,0,0,0,0,0,0,0,0,0,0,0,0,0,0,0,0,0,0,0,0,0,0,0,0,0,0,false
2024-06-19 22:00,"NEW_MSC1/Local Zone:LABEL=0, STATICAREAX=0/HO Type:holteto3g",0,0,0,0,0,0,0,0,0,0,0,0,0,0,0,0,0,0,0,0,0,0,0,0,0,0,0,false
2024-06-19 22:00,"NEW_MSC3/Local Zone:LABEL=0, STATICAREAX=0/HO Type:ho2g",0,0,0,0,0,0,0,0,0,0,0,0,0,0,0,0,0,0,0,0,0,0,0,0,0,0,0,false
2024-06-19 22:00,"NEW_MSC3/Local Zone:LABEL=0, STATICAREAX=0/HO Type:ho3g",0,0,0,0,0,0,0,0,0,0,0,0,0,0,0,0,0,0,0,0,0,0,0,0,0,0,0,false
2024-06-19 22:00,"NEW_MSC3/Local Zone:LABEL=0, STATICAREAX=0/HO Type:ho2gto3g",0,0,0,9,0,0,0,7,3,0,0,0,221,0,221,5,0,0,0,0,0,0,208,0,0,0,0,false
2024-06-19 22:00,"NEW_MSC3/Local Zone:LABEL=0, STATICAREAX=0/HO Type:ho3gto2g",0,0,0,1,0,4,3,0,32,0,0,0,761,0,761,39,0,0,0,0,0,0,721,0,0,0,0,false
2024-06-19 22:00,"NEW_MSC3/Local Zone:LABEL=0, STATICAREAX=0/HO Type:holteto2g",0,0,0,0,0,0,0,0,0,0,0,0,0,0,0,0,0,0,0,0,0,0,0,0,0,0,0,false
2024-06-19 22:00,"NEW_MSC3/Local Zone:LABEL=0, STATICAREAX=0/HO Type:holteto3g",0,0,0,0,0,0,0,0,0,0,0,0,0,0,0,0,0,0,0,0,0,0,0,0,0,0,0,false
2024-06-19 22:00,"vMSC3/Local Zone:LABEL=0, STATICAREAX=0/HO Type:ho2g",0,0,0,0,0,0,0,0,0,0,0,0,0,0,0,0,0,0,0,0,0,0,0,0,0,0,0,false
2024-06-19 22:00,"vMSC3/Local Zone:LABEL=0, STATICAREAX=0/HO Type:ho3g",0,0,0,0,0,0,0,0,0,0,0,0,0,0,0,0,0,0,0,0,0,0,0,0,0,0,0,false
2024-06-19 22:00,"vMSC3/Local Zone:LABEL=0, STATICAREAX=0/HO Type:ho2gto3g",0,0,0,7,0,0,0,5,2,0,0,0,145,0,145,4,0,0,0,0,0,0,135,0,0,0,0,false
2024-06-19 22:00,"vMSC3/Local Zone:LABEL=0, STATICAREAX=0/HO Type:ho3gto2g",0,0,0,2,0,6,2,0,14,0,0,0,563,0,563,21,0,0,0,0,0,0,539,0,0,0,0,false
2024-06-19 22:00,"vMSC3/Local Zone:LABEL=0, STATICAREAX=0/HO Type:holteto2g",0,0,0,0,0,0,0,0,0,0,0,0,0,0,0,0,0,0,0,0,0,0,0,0,0,0,0,false
2024-06-19 22:00,"vMSC3/Local Zone:LABEL=0, STATICAREAX=0/HO Type:holteto3g",0,0,0,0,0,0,0,0,0,0,0,0,0,0,0,0,0,0,0,0,0,0,0,0,0,0,0,false
2024-06-19 23:00,"MSOFTX/Local Zone:LABEL=0, STATICAREAX=0/HO Type:ho2g",0,0,0,0,0,0,0,0,0,0,0,0,3,0,3,0,0,0,0,0,0,0,3,0,0,0,0,false
2024-06-19 23:00,"MSOFTX/Local Zone:LABEL=0, STATICAREAX=0/HO Type:ho3g",0,0,0,0,0,0,0,0,0,0,0,0,0,0,0,0,0,0,0,0,0,0,0,0,0,0,0,false
2024-06-19 23:00,"MSOFTX/Local Zone:LABEL=0, STATICAREAX=0/HO Type:ho2gto3g",0,0,0,4,0,0,0,2,3,0,0,0,76,0,76,11,0,0,0,0,0,0,63,0,0,0,0,false
2024-06-19 23:00,"MSOFTX/Local Zone:LABEL=0, STATICAREAX=0/HO Type:ho3gto2g",0,0,0,0,0,2,1,0,9,0,0,0,226,0,226,12,0,0,0,0,0,0,214,0,0,0,0,false
2024-06-19 23:00,"MSOFTX/Local Zone:LABEL=0, STATICAREAX=0/HO Type:holteto2g",0,0,0,0,0,0,0,0,0,0,0,0,0,0,0,0,0,0,0,0,0,0,0,0,0,0,0,false
2024-06-19 23:00,"MSOFTX/Local Zone:LABEL=0, STATICAREAX=0/HO Type:holteto3g",0,0,0,0,0,0,0,0,0,0,0,0,0,0,0,0,0,0,0,0,0,0,0,0,0,0,0,false
2024-06-19 23:00,"NEW_MSC1/Local Zone:LABEL=0, STATICAREAX=0/HO Type:ho2g",0,0,0,0,0,0,0,0,0,0,0,0,0,0,0,0,0,0,0,0,0,0,0,0,0,0,0,false
2024-06-19 23:00,"NEW_MSC1/Local Zone:LABEL=0, STATICAREAX=0/HO Type:ho3g",0,0,0,0,0,0,0,0,1,0,0,0,7,0,7,1,0,0,0,0,0,0,6,0,0,0,0,false
2024-06-19 23:00,"NEW_MSC1/Local Zone:LABEL=0, STATICAREAX=0/HO Type:ho2gto3g",0,0,0,1,0,0,0,0,3,0,0,0,125,0,125,3,0,0,0,0,0,0,122,0,0,0,0,false
2024-06-19 23:00,"NEW_MSC1/Local Zone:LABEL=0, STATICAREAX=0/HO Type:ho3gto2g",0,0,0,8,0,8,7,3,21,0,0,0,725,0,725,33,0,0,0,0,0,0,685,0,0,0,0,false
2024-06-19 23:00,"NEW_MSC1/Local Zone:LABEL=0, STATICAREAX=0/HO Type:holteto2g",0,0,0,0,0,0,0,0,0,0,0,0,0,0,0,0,0,0,0,0,0,0,0,0,0,0,0,false
2024-06-19 23:00,"NEW_MSC1/Local Zone:LABEL=0, STATICAREAX=0/HO Type:holteto3g",0,0,0,0,0,0,0,0,0,0,0,0,0,0,0,0,0,0,0,0,0,0,0,0,0,0,0,false
2024-06-19 23:00,"NEW_MSC3/Local Zone:LABEL=0, STATICAREAX=0/HO Type:ho2g",0,0,0,0,0,1,0,0,0,0,0,0,0,0,0,0,0,0,0,0,0,0,0,0,0,0,0,false
2024-06-19 23:00,"NEW_MSC3/Local Zone:LABEL=0, STATICAREAX=0/HO Type:ho3g",0,0,0,0,0,0,0,0,2,0,0,0,33,0,33,2,0,0,0,0,0,0,31,0,0,0,0,false
2024-06-19 23:00,"NEW_MSC3/Local Zone:LABEL=0, STATICAREAX=0/HO Type:ho2gto3g",0,0,0,1,0,0,0,0,0,0,0,0,30,0,30,0,0,0,0,0,0,0,30,0,0,0,0,false
2024-06-19 23:00,"NEW_MSC3/Local Zone:LABEL=0, STATICAREAX=0/HO Type:ho3gto2g",0,0,0,0,0,1,2,0,3,0,0,0,185,0,185,6,0,0,0,0,0,0,179,0,0,0,0,false
2024-06-19 23:00,"NEW_MSC3/Local Zone:LABEL=0, STATICAREAX=0/HO Type:holteto2g",0,0,0,0,0,0,0,0,0,0,0,0,0,0,0,0,0,0,0,0,0,0,0,0,0,0,0,false
2024-06-19 23:00,"NEW_MSC3/Local Zone:LABEL=0, STATICAREAX=0/HO Type:holteto3g",0,0,0,0,0,0,0,0,0,0,0,0,0,0,0,0,0,0,0,0,0,0,0,0,0,0,0,false
2024-06-19 23:00,"vMSC3/Local Zone:LABEL=0, STATICAREAX=0/HO Type:ho2g",0,0,0,0,0,1,0,0,0,0,0,0,0,0,0,0,0,0,0,0,0,0,0,0,0,0,0,false
2024-06-19 23:00,"vMSC3/Local Zone:LABEL=0, STATICAREAX=0/HO Type:ho3g",0,0,0,0,0,0,0,0,0,0,0,0,0,0,0,0,0,0,0,0,0,0,0,0,0,0,0,false
2024-06-19 23:00,"vMSC3/Local Zone:LABEL=0, STATICAREAX=0/HO Type:ho2gto3g",0,0,0,5,0,1,0,5,1,0,0,0,96,0,96,5,0,0,0,0,0,0,86,0,0,0,0,false
2024-06-19 23:00,"vMSC3/Local Zone:LABEL=0, STATICAREAX=0/HO Type:ho3gto2g",0,0,0,0,0,0,1,0,14,0,0,0,209,0,209,15,0,0,0,0,0,0,195,0,0,0,0,false
2024-06-19 23:00,"vMSC3/Local Zone:LABEL=0, STATICAREAX=0/HO Type:holteto2g",0,0,0,0,0,0,0,0,0,0,0,0,0,0,0,0,0,0,0,0,0,0,0,0,0,0,0,false
2024-06-19 23:00,"vMSC3/Local Zone:LABEL=0, STATICAREAX=0/HO Type:holteto3g",0,0,0,0,0,0,0,0,0,0,0,0,0,0,0,0,0,0,0,0,0,0,0,0,0,0,0,false
